"GEO_ID","id"
"NAME","Geographic Area Name"
"S2701_C01_001E","Estimate!!Total!!Civilian noninstitutionalized population"
"S2701_C01_001M","Margin of Error!!Total MOE!!Civilian noninstitutionalized population"
"S2701_C01_002E","Estimate!!Total!!Civilian noninstitutionalized population!!AGE!!Under 6 years"
"S2701_C01_002M","Margin of Error!!Total MOE!!Civilian noninstitutionalized population!!AGE!!Under 6 years"
"S2701_C01_003E","Estimate!!Total!!Civilian noninstitutionalized population!!AGE!!6 to 18 years"
"S2701_C01_003M","Margin of Error!!Total MOE!!Civilian noninstitutionalized population!!AGE!!6 to 18 years"
"S2701_C01_004E","Estimate!!Total!!Civilian noninstitutionalized population!!AGE!!19 to 25 years"
"S2701_C01_004M","Margin of Error!!Total MOE!!Civilian noninstitutionalized population!!AGE!!19 to 25 years"
"S2701_C01_005E","Estimate!!Total!!Civilian noninstitutionalized population!!AGE!!26 to 34 years"
"S2701_C01_005M","Margin of Error!!Total MOE!!Civilian noninstitutionalized population!!AGE!!26 to 34 years"
"S2701_C01_006E","Estimate!!Total!!Civilian noninstitutionalized population!!AGE!!35 to 44 years"
"S2701_C01_006M","Margin of Error!!Total MOE!!Civilian noninstitutionalized population!!AGE!!35 to 44 years"
"S2701_C01_007E","Estimate!!Total!!Civilian noninstitutionalized population!!AGE!!45 to 54 years"
"S2701_C01_007M","Margin of Error!!Total MOE!!Civilian noninstitutionalized population!!AGE!!45 to 54 years"
"S2701_C01_008E","Estimate!!Total!!Civilian noninstitutionalized population!!AGE!!55 to 64 years"
"S2701_C01_008M","Margin of Error!!Total MOE!!Civilian noninstitutionalized population!!AGE!!55 to 64 years"
"S2701_C01_009E","Estimate!!Total!!Civilian noninstitutionalized population!!AGE!!65 to 74 years"
"S2701_C01_009M","Margin of Error!!Total MOE!!Civilian noninstitutionalized population!!AGE!!65 to 74 years"
"S2701_C01_010E","Estimate!!Total!!Civilian noninstitutionalized population!!AGE!!75 years and older"
"S2701_C01_010M","Margin of Error!!Total MOE!!Civilian noninstitutionalized population!!AGE!!75 years and older"
"S2701_C01_011E","Estimate!!Total!!Civilian noninstitutionalized population!!AGE!!Under 19 years"
"S2701_C01_011M","Margin of Error!!Total MOE!!Civilian noninstitutionalized population!!AGE!!Under 19 years"
"S2701_C01_012E","Estimate!!Total!!Civilian noninstitutionalized population!!AGE!!19 to 64 years"
"S2701_C01_012M","Margin of Error!!Total MOE!!Civilian noninstitutionalized population!!AGE!!19 to 64 years"
"S2701_C01_013E","Estimate!!Total!!Civilian noninstitutionalized population!!AGE!!65 years and older"
"S2701_C01_013M","Margin of Error!!Total MOE!!Civilian noninstitutionalized population!!AGE!!65 years and older"
"S2701_C01_014E","Estimate!!Total!!Civilian noninstitutionalized population!!SEX!!Male"
"S2701_C01_014M","Margin of Error!!Total MOE!!Civilian noninstitutionalized population!!SEX!!Male"
"S2701_C01_015E","Estimate!!Total!!Civilian noninstitutionalized population!!SEX!!Female"
"S2701_C01_015M","Margin of Error!!Total MOE!!Civilian noninstitutionalized population!!SEX!!Female"
"S2701_C01_016E","Estimate!!Total!!Civilian noninstitutionalized population!!RACE AND HISPANIC OR LATINO ORIGIN!!White alone"
"S2701_C01_016M","Margin of Error!!Total MOE!!Civilian noninstitutionalized population!!RACE AND HISPANIC OR LATINO ORIGIN!!White alone"
"S2701_C01_017E","Estimate!!Total!!Civilian noninstitutionalized population!!RACE AND HISPANIC OR LATINO ORIGIN!!Black or African American alone"
"S2701_C01_017M","Margin of Error!!Total MOE!!Civilian noninstitutionalized population!!RACE AND HISPANIC OR LATINO ORIGIN!!Black or African American alone"
"S2701_C01_018E","Estimate!!Total!!Civilian noninstitutionalized population!!RACE AND HISPANIC OR LATINO ORIGIN!!American Indian and Alaska Native alone"
"S2701_C01_018M","Margin of Error!!Total MOE!!Civilian noninstitutionalized population!!RACE AND HISPANIC OR LATINO ORIGIN!!American Indian and Alaska Native alone"
"S2701_C01_019E","Estimate!!Total!!Civilian noninstitutionalized population!!RACE AND HISPANIC OR LATINO ORIGIN!!Asian alone"
"S2701_C01_019M","Margin of Error!!Total MOE!!Civilian noninstitutionalized population!!RACE AND HISPANIC OR LATINO ORIGIN!!Asian alone"
"S2701_C01_020E","Estimate!!Total!!Civilian noninstitutionalized population!!RACE AND HISPANIC OR LATINO ORIGIN!!Native Hawaiian and Other Pacific Islander alone"
"S2701_C01_020M","Margin of Error!!Total MOE!!Civilian noninstitutionalized population!!RACE AND HISPANIC OR LATINO ORIGIN!!Native Hawaiian and Other Pacific Islander alone"
"S2701_C01_021E","Estimate!!Total!!Civilian noninstitutionalized population!!RACE AND HISPANIC OR LATINO ORIGIN!!Some other race alone"
"S2701_C01_021M","Margin of Error!!Total MOE!!Civilian noninstitutionalized population!!RACE AND HISPANIC OR LATINO ORIGIN!!Some other race alone"
"S2701_C01_022E","Estimate!!Total!!Civilian noninstitutionalized population!!RACE AND HISPANIC OR LATINO ORIGIN!!Two or more races"
"S2701_C01_022M","Margin of Error!!Total MOE!!Civilian noninstitutionalized population!!RACE AND HISPANIC OR LATINO ORIGIN!!Two or more races"
"S2701_C01_023E","Estimate!!Total!!Civilian noninstitutionalized population!!RACE AND HISPANIC OR LATINO ORIGIN!!Hispanic or Latino (of any race)"
"S2701_C01_023M","Margin of Error!!Total MOE!!Civilian noninstitutionalized population!!RACE AND HISPANIC OR LATINO ORIGIN!!Hispanic or Latino (of any race)"
"S2701_C01_024E","Estimate!!Total!!Civilian noninstitutionalized population!!RACE AND HISPANIC OR LATINO ORIGIN!!White alone, not Hispanic or Latino"
"S2701_C01_024M","Margin of Error!!Total MOE!!Civilian noninstitutionalized population!!RACE AND HISPANIC OR LATINO ORIGIN!!White alone, not Hispanic or Latino"
"S2701_C01_025E","Estimate!!Total!!Civilian noninstitutionalized population!!LIVING ARRANGEMENTS!!In family households"
"S2701_C01_025M","Margin of Error!!Total MOE!!Civilian noninstitutionalized population!!LIVING ARRANGEMENTS!!In family households"
"S2701_C01_026E","Estimate!!Total!!Civilian noninstitutionalized population!!LIVING ARRANGEMENTS!!In family households!!In married couple families"
"S2701_C01_026M","Margin of Error!!Total MOE!!Civilian noninstitutionalized population!!LIVING ARRANGEMENTS!!In family households!!In married couple families"
"S2701_C01_027E","Estimate!!Total!!Civilian noninstitutionalized population!!LIVING ARRANGEMENTS!!In family households!!In other families"
"S2701_C01_027M","Margin of Error!!Total MOE!!Civilian noninstitutionalized population!!LIVING ARRANGEMENTS!!In family households!!In other families"
"S2701_C01_028E","Estimate!!Total!!Civilian noninstitutionalized population!!LIVING ARRANGEMENTS!!In family households!!In other families!!Male householder, no wife present"
"S2701_C01_028M","Margin of Error!!Total MOE!!Civilian noninstitutionalized population!!LIVING ARRANGEMENTS!!In family households!!In other families!!Male householder, no wife present"
"S2701_C01_029E","Estimate!!Total!!Civilian noninstitutionalized population!!LIVING ARRANGEMENTS!!In family households!!In other families!!Female householder, no husband present"
"S2701_C01_029M","Margin of Error!!Total MOE!!Civilian noninstitutionalized population!!LIVING ARRANGEMENTS!!In family households!!In other families!!Female householder, no husband present"
"S2701_C01_030E","Estimate!!Total!!Civilian noninstitutionalized population!!LIVING ARRANGEMENTS!!In non-family households and other living arrangements"
"S2701_C01_030M","Margin of Error!!Total MOE!!Civilian noninstitutionalized population!!LIVING ARRANGEMENTS!!In non-family households and other living arrangements"
"S2701_C01_031E","Estimate!!Total!!Civilian noninstitutionalized population!!NATIVITY AND U.S. CITIZENSHIP STATUS!!Native born"
"S2701_C01_031M","Margin of Error!!Total MOE!!Civilian noninstitutionalized population!!NATIVITY AND U.S. CITIZENSHIP STATUS!!Native born"
"S2701_C01_032E","Estimate!!Total!!Civilian noninstitutionalized population!!NATIVITY AND U.S. CITIZENSHIP STATUS!!Foreign born"
"S2701_C01_032M","Margin of Error!!Total MOE!!Civilian noninstitutionalized population!!NATIVITY AND U.S. CITIZENSHIP STATUS!!Foreign born"
"S2701_C01_033E","Estimate!!Total!!Civilian noninstitutionalized population!!NATIVITY AND U.S. CITIZENSHIP STATUS!!Foreign born!!Naturalized"
"S2701_C01_033M","Margin of Error!!Total MOE!!Civilian noninstitutionalized population!!NATIVITY AND U.S. CITIZENSHIP STATUS!!Foreign born!!Naturalized"
"S2701_C01_034E","Estimate!!Total!!Civilian noninstitutionalized population!!NATIVITY AND U.S. CITIZENSHIP STATUS!!Foreign born!!Not a citizen"
"S2701_C01_034M","Margin of Error!!Total MOE!!Civilian noninstitutionalized population!!NATIVITY AND U.S. CITIZENSHIP STATUS!!Foreign born!!Not a citizen"
"S2701_C01_035E","Estimate!!Total!!Civilian noninstitutionalized population!!DISABILITY STATUS!!With a disability"
"S2701_C01_035M","Margin of Error!!Total MOE!!Civilian noninstitutionalized population!!DISABILITY STATUS!!With a disability"
"S2701_C01_036E","Estimate!!Total!!Civilian noninstitutionalized population!!DISABILITY STATUS!!No disability"
"S2701_C01_036M","Margin of Error!!Total MOE!!Civilian noninstitutionalized population!!DISABILITY STATUS!!No disability"
"S2701_C01_037E","Estimate!!Total!!Civilian noninstitutionalized population!!EDUCATIONAL ATTAINMENT!!Civilian noninstitutionalized population 26 years and over"
"S2701_C01_037M","Margin of Error!!Total MOE!!Civilian noninstitutionalized population!!EDUCATIONAL ATTAINMENT!!Civilian noninstitutionalized population 26 years and over"
"S2701_C01_038E","Estimate!!Total!!Civilian noninstitutionalized population!!EDUCATIONAL ATTAINMENT!!Civilian noninstitutionalized population 26 years and over!!Less than high school graduate"
"S2701_C01_038M","Margin of Error!!Total MOE!!Civilian noninstitutionalized population!!EDUCATIONAL ATTAINMENT!!Civilian noninstitutionalized population 26 years and over!!Less than high school graduate"
"S2701_C01_039E","Estimate!!Total!!Civilian noninstitutionalized population!!EDUCATIONAL ATTAINMENT!!Civilian noninstitutionalized population 26 years and over!!High school graduate (includes equivalency)"
"S2701_C01_039M","Margin of Error!!Total MOE!!Civilian noninstitutionalized population!!EDUCATIONAL ATTAINMENT!!Civilian noninstitutionalized population 26 years and over!!High school graduate (includes equivalency)"
"S2701_C01_040E","Estimate!!Total!!Civilian noninstitutionalized population!!EDUCATIONAL ATTAINMENT!!Civilian noninstitutionalized population 26 years and over!!Some college or associate's degree"
"S2701_C01_040M","Margin of Error!!Total MOE!!Civilian noninstitutionalized population!!EDUCATIONAL ATTAINMENT!!Civilian noninstitutionalized population 26 years and over!!Some college or associate's degree"
"S2701_C01_041E","Estimate!!Total!!Civilian noninstitutionalized population!!EDUCATIONAL ATTAINMENT!!Civilian noninstitutionalized population 26 years and over!!Bachelor's degree or higher"
"S2701_C01_041M","Margin of Error!!Total MOE!!Civilian noninstitutionalized population!!EDUCATIONAL ATTAINMENT!!Civilian noninstitutionalized population 26 years and over!!Bachelor's degree or higher"
"S2701_C01_042E","Estimate!!Total!!Civilian noninstitutionalized population!!EMPLOYMENT STATUS!!Civilian noninstitutionalized population 19 to 64 years"
"S2701_C01_042M","Margin of Error!!Total MOE!!Civilian noninstitutionalized population!!EMPLOYMENT STATUS!!Civilian noninstitutionalized population 19 to 64 years"
"S2701_C01_043E","Estimate!!Total!!Civilian noninstitutionalized population!!EMPLOYMENT STATUS!!Civilian noninstitutionalized population 19 to 64 years!!In labor force"
"S2701_C01_043M","Margin of Error!!Total MOE!!Civilian noninstitutionalized population!!EMPLOYMENT STATUS!!Civilian noninstitutionalized population 19 to 64 years!!In labor force"
"S2701_C01_044E","Estimate!!Total!!Civilian noninstitutionalized population!!EMPLOYMENT STATUS!!Civilian noninstitutionalized population 19 to 64 years!!In labor force!!Employed"
"S2701_C01_044M","Margin of Error!!Total MOE!!Civilian noninstitutionalized population!!EMPLOYMENT STATUS!!Civilian noninstitutionalized population 19 to 64 years!!In labor force!!Employed"
"S2701_C01_045E","Estimate!!Total!!Civilian noninstitutionalized population!!EMPLOYMENT STATUS!!Civilian noninstitutionalized population 19 to 64 years!!In labor force!!Unemployed"
"S2701_C01_045M","Margin of Error!!Total MOE!!Civilian noninstitutionalized population!!EMPLOYMENT STATUS!!Civilian noninstitutionalized population 19 to 64 years!!In labor force!!Unemployed"
"S2701_C01_046E","Estimate!!Total!!Civilian noninstitutionalized population!!EMPLOYMENT STATUS!!Civilian noninstitutionalized population 19 to 64 years!!Not in labor force"
"S2701_C01_046M","Margin of Error!!Total MOE!!Civilian noninstitutionalized population!!EMPLOYMENT STATUS!!Civilian noninstitutionalized population 19 to 64 years!!Not in labor force"
"S2701_C01_047E","Estimate!!Total!!Civilian noninstitutionalized population!!WORK EXPERIENCE!!Civilian noninstitutionalized population 19 to 64 years"
"S2701_C01_047M","Margin of Error!!Total MOE!!Civilian noninstitutionalized population!!WORK EXPERIENCE!!Civilian noninstitutionalized population 19 to 64 years"
"S2701_C01_048E","Estimate!!Total!!Civilian noninstitutionalized population!!WORK EXPERIENCE!!Civilian noninstitutionalized population 19 to 64 years!!Worked full-time, year round in the past 12 months"
"S2701_C01_048M","Margin of Error!!Total MOE!!Civilian noninstitutionalized population!!WORK EXPERIENCE!!Civilian noninstitutionalized population 19 to 64 years!!Worked full-time, year round in the past 12 months"
"S2701_C01_049E","Estimate!!Total!!Civilian noninstitutionalized population!!WORK EXPERIENCE!!Civilian noninstitutionalized population 19 to 64 years!!Worked less than full-time, year round in the past 12 months"
"S2701_C01_049M","Margin of Error!!Total MOE!!Civilian noninstitutionalized population!!WORK EXPERIENCE!!Civilian noninstitutionalized population 19 to 64 years!!Worked less than full-time, year round in the past 12 months"
"S2701_C01_050E","Estimate!!Total!!Civilian noninstitutionalized population!!WORK EXPERIENCE!!Civilian noninstitutionalized population 19 to 64 years!!Did not work"
"S2701_C01_050M","Margin of Error!!Total MOE!!Civilian noninstitutionalized population!!WORK EXPERIENCE!!Civilian noninstitutionalized population 19 to 64 years!!Did not work"
"S2701_C01_051E","Estimate!!Total!!Civilian noninstitutionalized population!!HOUSEHOLD INCOME (IN 2018 INFLATION-ADJUSTED DOLLARS)!!Total household population"
"S2701_C01_051M","Margin of Error!!Total MOE!!Civilian noninstitutionalized population!!HOUSEHOLD INCOME (IN 2018 INFLATION-ADJUSTED DOLLARS)!!Total household population"
"S2701_C01_052E","Estimate!!Total!!Civilian noninstitutionalized population!!HOUSEHOLD INCOME (IN 2018 INFLATION-ADJUSTED DOLLARS)!!Total household population!!Under $25,000"
"S2701_C01_052M","Margin of Error!!Total MOE!!Civilian noninstitutionalized population!!HOUSEHOLD INCOME (IN 2018 INFLATION-ADJUSTED DOLLARS)!!Total household population!!Under $25,000"
"S2701_C01_053E","Estimate!!Total!!Civilian noninstitutionalized population!!HOUSEHOLD INCOME (IN 2018 INFLATION-ADJUSTED DOLLARS)!!Total household population!!$25,000 to $49,999"
"S2701_C01_053M","Margin of Error!!Total MOE!!Civilian noninstitutionalized population!!HOUSEHOLD INCOME (IN 2018 INFLATION-ADJUSTED DOLLARS)!!Total household population!!$25,000 to $49,999"
"S2701_C01_054E","Estimate!!Total!!Civilian noninstitutionalized population!!HOUSEHOLD INCOME (IN 2018 INFLATION-ADJUSTED DOLLARS)!!Total household population!!$50,000 to $74,999"
"S2701_C01_054M","Margin of Error!!Total MOE!!Civilian noninstitutionalized population!!HOUSEHOLD INCOME (IN 2018 INFLATION-ADJUSTED DOLLARS)!!Total household population!!$50,000 to $74,999"
"S2701_C01_055E","Estimate!!Total!!Civilian noninstitutionalized population!!HOUSEHOLD INCOME (IN 2018 INFLATION-ADJUSTED DOLLARS)!!Total household population!!$75,000 to $99,999"
"S2701_C01_055M","Margin of Error!!Total MOE!!Civilian noninstitutionalized population!!HOUSEHOLD INCOME (IN 2018 INFLATION-ADJUSTED DOLLARS)!!Total household population!!$75,000 to $99,999"
"S2701_C01_056E","Estimate!!Total!!Civilian noninstitutionalized population!!HOUSEHOLD INCOME (IN 2018 INFLATION-ADJUSTED DOLLARS)!!Total household population!!$100,000 and over"
"S2701_C01_056M","Margin of Error!!Total MOE!!Civilian noninstitutionalized population!!HOUSEHOLD INCOME (IN 2018 INFLATION-ADJUSTED DOLLARS)!!Total household population!!$100,000 and over"
"S2701_C01_057E","Estimate!!Total!!Civilian noninstitutionalized population!!RATIO OF INCOME TO POVERTY LEVEL IN THE PAST 12 MONTHS!!Civilian noninstitutionalized population for whom poverty status is determined"
"S2701_C01_057M","Margin of Error!!Total MOE!!Civilian noninstitutionalized population!!RATIO OF INCOME TO POVERTY LEVEL IN THE PAST 12 MONTHS!!Civilian noninstitutionalized population for whom poverty status is determined"
"S2701_C01_058E","Estimate!!Total!!Civilian noninstitutionalized population!!RATIO OF INCOME TO POVERTY LEVEL IN THE PAST 12 MONTHS!!Civilian noninstitutionalized population for whom poverty status is determined!!Below 138 percent of the poverty threshold"
"S2701_C01_058M","Margin of Error!!Total MOE!!Civilian noninstitutionalized population!!RATIO OF INCOME TO POVERTY LEVEL IN THE PAST 12 MONTHS!!Civilian noninstitutionalized population for whom poverty status is determined!!Below 138 percent of the poverty threshold"
"S2701_C01_059E","Estimate!!Total!!Civilian noninstitutionalized population!!RATIO OF INCOME TO POVERTY LEVEL IN THE PAST 12 MONTHS!!Civilian noninstitutionalized population for whom poverty status is determined!!138 to 399 percent of the poverty threshold"
"S2701_C01_059M","Margin of Error!!Total MOE!!Civilian noninstitutionalized population!!RATIO OF INCOME TO POVERTY LEVEL IN THE PAST 12 MONTHS!!Civilian noninstitutionalized population for whom poverty status is determined!!138 to 399 percent of the poverty threshold"
"S2701_C01_060E","Estimate!!Total!!Civilian noninstitutionalized population!!RATIO OF INCOME TO POVERTY LEVEL IN THE PAST 12 MONTHS!!Civilian noninstitutionalized population for whom poverty status is determined!!At or above 400 percent of the poverty threshold"
"S2701_C01_060M","Margin of Error!!Total MOE!!Civilian noninstitutionalized population!!RATIO OF INCOME TO POVERTY LEVEL IN THE PAST 12 MONTHS!!Civilian noninstitutionalized population for whom poverty status is determined!!At or above 400 percent of the poverty threshold"
"S2701_C01_061E","Estimate!!Total!!Civilian noninstitutionalized population!!RATIO OF INCOME TO POVERTY LEVEL IN THE PAST 12 MONTHS!!Civilian noninstitutionalized population for whom poverty status is determined!!Below 100 percent of the poverty threshold"
"S2701_C01_061M","Margin of Error!!Total MOE!!Civilian noninstitutionalized population!!RATIO OF INCOME TO POVERTY LEVEL IN THE PAST 12 MONTHS!!Civilian noninstitutionalized population for whom poverty status is determined!!Below 100 percent of the poverty threshold"
"S2701_C02_001E","Estimate!!Insured!!Civilian noninstitutionalized population"
"S2701_C02_001M","Margin of Error!!Insured MOE!!Civilian noninstitutionalized population"
"S2701_C02_002E","Estimate!!Insured!!Civilian noninstitutionalized population!!AGE!!Under 6 years"
"S2701_C02_002M","Margin of Error!!Insured MOE!!Civilian noninstitutionalized population!!AGE!!Under 6 years"
"S2701_C02_003E","Estimate!!Insured!!Civilian noninstitutionalized population!!AGE!!6 to 18 years"
"S2701_C02_003M","Margin of Error!!Insured MOE!!Civilian noninstitutionalized population!!AGE!!6 to 18 years"
"S2701_C02_004E","Estimate!!Insured!!Civilian noninstitutionalized population!!AGE!!19 to 25 years"
"S2701_C02_004M","Margin of Error!!Insured MOE!!Civilian noninstitutionalized population!!AGE!!19 to 25 years"
"S2701_C02_005E","Estimate!!Insured!!Civilian noninstitutionalized population!!AGE!!26 to 34 years"
"S2701_C02_005M","Margin of Error!!Insured MOE!!Civilian noninstitutionalized population!!AGE!!26 to 34 years"
"S2701_C02_006E","Estimate!!Insured!!Civilian noninstitutionalized population!!AGE!!35 to 44 years"
"S2701_C02_006M","Margin of Error!!Insured MOE!!Civilian noninstitutionalized population!!AGE!!35 to 44 years"
"S2701_C02_007E","Estimate!!Insured!!Civilian noninstitutionalized population!!AGE!!45 to 54 years"
"S2701_C02_007M","Margin of Error!!Insured MOE!!Civilian noninstitutionalized population!!AGE!!45 to 54 years"
"S2701_C02_008E","Estimate!!Insured!!Civilian noninstitutionalized population!!AGE!!55 to 64 years"
"S2701_C02_008M","Margin of Error!!Insured MOE!!Civilian noninstitutionalized population!!AGE!!55 to 64 years"
"S2701_C02_009E","Estimate!!Insured!!Civilian noninstitutionalized population!!AGE!!65 to 74 years"
"S2701_C02_009M","Margin of Error!!Insured MOE!!Civilian noninstitutionalized population!!AGE!!65 to 74 years"
"S2701_C02_010E","Estimate!!Insured!!Civilian noninstitutionalized population!!AGE!!75 years and older"
"S2701_C02_010M","Margin of Error!!Insured MOE!!Civilian noninstitutionalized population!!AGE!!75 years and older"
"S2701_C02_011E","Estimate!!Insured!!Civilian noninstitutionalized population!!AGE!!Under 19 years"
"S2701_C02_011M","Margin of Error!!Insured MOE!!Civilian noninstitutionalized population!!AGE!!Under 19 years"
"S2701_C02_012E","Estimate!!Insured!!Civilian noninstitutionalized population!!AGE!!19 to 64 years"
"S2701_C02_012M","Margin of Error!!Insured MOE!!Civilian noninstitutionalized population!!AGE!!19 to 64 years"
"S2701_C02_013E","Estimate!!Insured!!Civilian noninstitutionalized population!!AGE!!65 years and older"
"S2701_C02_013M","Margin of Error!!Insured MOE!!Civilian noninstitutionalized population!!AGE!!65 years and older"
"S2701_C02_014E","Estimate!!Insured!!Civilian noninstitutionalized population!!SEX!!Male"
"S2701_C02_014M","Margin of Error!!Insured MOE!!Civilian noninstitutionalized population!!SEX!!Male"
"S2701_C02_015E","Estimate!!Insured!!Civilian noninstitutionalized population!!SEX!!Female"
"S2701_C02_015M","Margin of Error!!Insured MOE!!Civilian noninstitutionalized population!!SEX!!Female"
"S2701_C02_016E","Estimate!!Insured!!Civilian noninstitutionalized population!!RACE AND HISPANIC OR LATINO ORIGIN!!White alone"
"S2701_C02_016M","Margin of Error!!Insured MOE!!Civilian noninstitutionalized population!!RACE AND HISPANIC OR LATINO ORIGIN!!White alone"
"S2701_C02_017E","Estimate!!Insured!!Civilian noninstitutionalized population!!RACE AND HISPANIC OR LATINO ORIGIN!!Black or African American alone"
"S2701_C02_017M","Margin of Error!!Insured MOE!!Civilian noninstitutionalized population!!RACE AND HISPANIC OR LATINO ORIGIN!!Black or African American alone"
"S2701_C02_018E","Estimate!!Insured!!Civilian noninstitutionalized population!!RACE AND HISPANIC OR LATINO ORIGIN!!American Indian and Alaska Native alone"
"S2701_C02_018M","Margin of Error!!Insured MOE!!Civilian noninstitutionalized population!!RACE AND HISPANIC OR LATINO ORIGIN!!American Indian and Alaska Native alone"
"S2701_C02_019E","Estimate!!Insured!!Civilian noninstitutionalized population!!RACE AND HISPANIC OR LATINO ORIGIN!!Asian alone"
"S2701_C02_019M","Margin of Error!!Insured MOE!!Civilian noninstitutionalized population!!RACE AND HISPANIC OR LATINO ORIGIN!!Asian alone"
"S2701_C02_020E","Estimate!!Insured!!Civilian noninstitutionalized population!!RACE AND HISPANIC OR LATINO ORIGIN!!Native Hawaiian and Other Pacific Islander alone"
"S2701_C02_020M","Margin of Error!!Insured MOE!!Civilian noninstitutionalized population!!RACE AND HISPANIC OR LATINO ORIGIN!!Native Hawaiian and Other Pacific Islander alone"
"S2701_C02_021E","Estimate!!Insured!!Civilian noninstitutionalized population!!RACE AND HISPANIC OR LATINO ORIGIN!!Some other race alone"
"S2701_C02_021M","Margin of Error!!Insured MOE!!Civilian noninstitutionalized population!!RACE AND HISPANIC OR LATINO ORIGIN!!Some other race alone"
"S2701_C02_022E","Estimate!!Insured!!Civilian noninstitutionalized population!!RACE AND HISPANIC OR LATINO ORIGIN!!Two or more races"
"S2701_C02_022M","Margin of Error!!Insured MOE!!Civilian noninstitutionalized population!!RACE AND HISPANIC OR LATINO ORIGIN!!Two or more races"
"S2701_C02_023E","Estimate!!Insured!!Civilian noninstitutionalized population!!RACE AND HISPANIC OR LATINO ORIGIN!!Hispanic or Latino (of any race)"
"S2701_C02_023M","Margin of Error!!Insured MOE!!Civilian noninstitutionalized population!!RACE AND HISPANIC OR LATINO ORIGIN!!Hispanic or Latino (of any race)"
"S2701_C02_024E","Estimate!!Insured!!Civilian noninstitutionalized population!!RACE AND HISPANIC OR LATINO ORIGIN!!White alone, not Hispanic or Latino"
"S2701_C02_024M","Margin of Error!!Insured MOE!!Civilian noninstitutionalized population!!RACE AND HISPANIC OR LATINO ORIGIN!!White alone, not Hispanic or Latino"
"S2701_C02_025E","Estimate!!Insured!!Civilian noninstitutionalized population!!LIVING ARRANGEMENTS!!In family households"
"S2701_C02_025M","Margin of Error!!Insured MOE!!Civilian noninstitutionalized population!!LIVING ARRANGEMENTS!!In family households"
"S2701_C02_026E","Estimate!!Insured!!Civilian noninstitutionalized population!!LIVING ARRANGEMENTS!!In family households!!In married couple families"
"S2701_C02_026M","Margin of Error!!Insured MOE!!Civilian noninstitutionalized population!!LIVING ARRANGEMENTS!!In family households!!In married couple families"
"S2701_C02_027E","Estimate!!Insured!!Civilian noninstitutionalized population!!LIVING ARRANGEMENTS!!In family households!!In other families"
"S2701_C02_027M","Margin of Error!!Insured MOE!!Civilian noninstitutionalized population!!LIVING ARRANGEMENTS!!In family households!!In other families"
"S2701_C02_028E","Estimate!!Insured!!Civilian noninstitutionalized population!!LIVING ARRANGEMENTS!!In family households!!In other families!!Male householder, no wife present"
"S2701_C02_028M","Margin of Error!!Insured MOE!!Civilian noninstitutionalized population!!LIVING ARRANGEMENTS!!In family households!!In other families!!Male householder, no wife present"
"S2701_C02_029E","Estimate!!Insured!!Civilian noninstitutionalized population!!LIVING ARRANGEMENTS!!In family households!!In other families!!Female householder, no husband present"
"S2701_C02_029M","Margin of Error!!Insured MOE!!Civilian noninstitutionalized population!!LIVING ARRANGEMENTS!!In family households!!In other families!!Female householder, no husband present"
"S2701_C02_030E","Estimate!!Insured!!Civilian noninstitutionalized population!!LIVING ARRANGEMENTS!!In non-family households and other living arrangements"
"S2701_C02_030M","Margin of Error!!Insured MOE!!Civilian noninstitutionalized population!!LIVING ARRANGEMENTS!!In non-family households and other living arrangements"
"S2701_C02_031E","Estimate!!Insured!!Civilian noninstitutionalized population!!NATIVITY AND U.S. CITIZENSHIP STATUS!!Native born"
"S2701_C02_031M","Margin of Error!!Insured MOE!!Civilian noninstitutionalized population!!NATIVITY AND U.S. CITIZENSHIP STATUS!!Native born"
"S2701_C02_032E","Estimate!!Insured!!Civilian noninstitutionalized population!!NATIVITY AND U.S. CITIZENSHIP STATUS!!Foreign born"
"S2701_C02_032M","Margin of Error!!Insured MOE!!Civilian noninstitutionalized population!!NATIVITY AND U.S. CITIZENSHIP STATUS!!Foreign born"
"S2701_C02_033E","Estimate!!Insured!!Civilian noninstitutionalized population!!NATIVITY AND U.S. CITIZENSHIP STATUS!!Foreign born!!Naturalized"
"S2701_C02_033M","Margin of Error!!Insured MOE!!Civilian noninstitutionalized population!!NATIVITY AND U.S. CITIZENSHIP STATUS!!Foreign born!!Naturalized"
"S2701_C02_034E","Estimate!!Insured!!Civilian noninstitutionalized population!!NATIVITY AND U.S. CITIZENSHIP STATUS!!Foreign born!!Not a citizen"
"S2701_C02_034M","Margin of Error!!Insured MOE!!Civilian noninstitutionalized population!!NATIVITY AND U.S. CITIZENSHIP STATUS!!Foreign born!!Not a citizen"
"S2701_C02_035E","Estimate!!Insured!!Civilian noninstitutionalized population!!DISABILITY STATUS!!With a disability"
"S2701_C02_035M","Margin of Error!!Insured MOE!!Civilian noninstitutionalized population!!DISABILITY STATUS!!With a disability"
"S2701_C02_036E","Estimate!!Insured!!Civilian noninstitutionalized population!!DISABILITY STATUS!!No disability"
"S2701_C02_036M","Margin of Error!!Insured MOE!!Civilian noninstitutionalized population!!DISABILITY STATUS!!No disability"
"S2701_C02_037E","Estimate!!Insured!!Civilian noninstitutionalized population!!EDUCATIONAL ATTAINMENT!!Civilian noninstitutionalized population 26 years and over"
"S2701_C02_037M","Margin of Error!!Insured MOE!!Civilian noninstitutionalized population!!EDUCATIONAL ATTAINMENT!!Civilian noninstitutionalized population 26 years and over"
"S2701_C02_038E","Estimate!!Insured!!Civilian noninstitutionalized population!!EDUCATIONAL ATTAINMENT!!Civilian noninstitutionalized population 26 years and over!!Less than high school graduate"
"S2701_C02_038M","Margin of Error!!Insured MOE!!Civilian noninstitutionalized population!!EDUCATIONAL ATTAINMENT!!Civilian noninstitutionalized population 26 years and over!!Less than high school graduate"
"S2701_C02_039E","Estimate!!Insured!!Civilian noninstitutionalized population!!EDUCATIONAL ATTAINMENT!!Civilian noninstitutionalized population 26 years and over!!High school graduate (includes equivalency)"
"S2701_C02_039M","Margin of Error!!Insured MOE!!Civilian noninstitutionalized population!!EDUCATIONAL ATTAINMENT!!Civilian noninstitutionalized population 26 years and over!!High school graduate (includes equivalency)"
"S2701_C02_040E","Estimate!!Insured!!Civilian noninstitutionalized population!!EDUCATIONAL ATTAINMENT!!Civilian noninstitutionalized population 26 years and over!!Some college or associate's degree"
"S2701_C02_040M","Margin of Error!!Insured MOE!!Civilian noninstitutionalized population!!EDUCATIONAL ATTAINMENT!!Civilian noninstitutionalized population 26 years and over!!Some college or associate's degree"
"S2701_C02_041E","Estimate!!Insured!!Civilian noninstitutionalized population!!EDUCATIONAL ATTAINMENT!!Civilian noninstitutionalized population 26 years and over!!Bachelor's degree or higher"
"S2701_C02_041M","Margin of Error!!Insured MOE!!Civilian noninstitutionalized population!!EDUCATIONAL ATTAINMENT!!Civilian noninstitutionalized population 26 years and over!!Bachelor's degree or higher"
"S2701_C02_042E","Estimate!!Insured!!Civilian noninstitutionalized population!!EMPLOYMENT STATUS!!Civilian noninstitutionalized population 19 to 64 years"
"S2701_C02_042M","Margin of Error!!Insured MOE!!Civilian noninstitutionalized population!!EMPLOYMENT STATUS!!Civilian noninstitutionalized population 19 to 64 years"
"S2701_C02_043E","Estimate!!Insured!!Civilian noninstitutionalized population!!EMPLOYMENT STATUS!!Civilian noninstitutionalized population 19 to 64 years!!In labor force"
"S2701_C02_043M","Margin of Error!!Insured MOE!!Civilian noninstitutionalized population!!EMPLOYMENT STATUS!!Civilian noninstitutionalized population 19 to 64 years!!In labor force"
"S2701_C02_044E","Estimate!!Insured!!Civilian noninstitutionalized population!!EMPLOYMENT STATUS!!Civilian noninstitutionalized population 19 to 64 years!!In labor force!!Employed"
"S2701_C02_044M","Margin of Error!!Insured MOE!!Civilian noninstitutionalized population!!EMPLOYMENT STATUS!!Civilian noninstitutionalized population 19 to 64 years!!In labor force!!Employed"
"S2701_C02_045E","Estimate!!Insured!!Civilian noninstitutionalized population!!EMPLOYMENT STATUS!!Civilian noninstitutionalized population 19 to 64 years!!In labor force!!Unemployed"
"S2701_C02_045M","Margin of Error!!Insured MOE!!Civilian noninstitutionalized population!!EMPLOYMENT STATUS!!Civilian noninstitutionalized population 19 to 64 years!!In labor force!!Unemployed"
"S2701_C02_046E","Estimate!!Insured!!Civilian noninstitutionalized population!!EMPLOYMENT STATUS!!Civilian noninstitutionalized population 19 to 64 years!!Not in labor force"
"S2701_C02_046M","Margin of Error!!Insured MOE!!Civilian noninstitutionalized population!!EMPLOYMENT STATUS!!Civilian noninstitutionalized population 19 to 64 years!!Not in labor force"
"S2701_C02_047E","Estimate!!Insured!!Civilian noninstitutionalized population!!WORK EXPERIENCE!!Civilian noninstitutionalized population 19 to 64 years"
"S2701_C02_047M","Margin of Error!!Insured MOE!!Civilian noninstitutionalized population!!WORK EXPERIENCE!!Civilian noninstitutionalized population 19 to 64 years"
"S2701_C02_048E","Estimate!!Insured!!Civilian noninstitutionalized population!!WORK EXPERIENCE!!Civilian noninstitutionalized population 19 to 64 years!!Worked full-time, year round in the past 12 months"
"S2701_C02_048M","Margin of Error!!Insured MOE!!Civilian noninstitutionalized population!!WORK EXPERIENCE!!Civilian noninstitutionalized population 19 to 64 years!!Worked full-time, year round in the past 12 months"
"S2701_C02_049E","Estimate!!Insured!!Civilian noninstitutionalized population!!WORK EXPERIENCE!!Civilian noninstitutionalized population 19 to 64 years!!Worked less than full-time, year round in the past 12 months"
"S2701_C02_049M","Margin of Error!!Insured MOE!!Civilian noninstitutionalized population!!WORK EXPERIENCE!!Civilian noninstitutionalized population 19 to 64 years!!Worked less than full-time, year round in the past 12 months"
"S2701_C02_050E","Estimate!!Insured!!Civilian noninstitutionalized population!!WORK EXPERIENCE!!Civilian noninstitutionalized population 19 to 64 years!!Did not work"
"S2701_C02_050M","Margin of Error!!Insured MOE!!Civilian noninstitutionalized population!!WORK EXPERIENCE!!Civilian noninstitutionalized population 19 to 64 years!!Did not work"
"S2701_C02_051E","Estimate!!Insured!!Civilian noninstitutionalized population!!HOUSEHOLD INCOME (IN 2018 INFLATION-ADJUSTED DOLLARS)!!Total household population"
"S2701_C02_051M","Margin of Error!!Insured MOE!!Civilian noninstitutionalized population!!HOUSEHOLD INCOME (IN 2018 INFLATION-ADJUSTED DOLLARS)!!Total household population"
"S2701_C02_052E","Estimate!!Insured!!Civilian noninstitutionalized population!!HOUSEHOLD INCOME (IN 2018 INFLATION-ADJUSTED DOLLARS)!!Total household population!!Under $25,000"
"S2701_C02_052M","Margin of Error!!Insured MOE!!Civilian noninstitutionalized population!!HOUSEHOLD INCOME (IN 2018 INFLATION-ADJUSTED DOLLARS)!!Total household population!!Under $25,000"
"S2701_C02_053E","Estimate!!Insured!!Civilian noninstitutionalized population!!HOUSEHOLD INCOME (IN 2018 INFLATION-ADJUSTED DOLLARS)!!Total household population!!$25,000 to $49,999"
"S2701_C02_053M","Margin of Error!!Insured MOE!!Civilian noninstitutionalized population!!HOUSEHOLD INCOME (IN 2018 INFLATION-ADJUSTED DOLLARS)!!Total household population!!$25,000 to $49,999"
"S2701_C02_054E","Estimate!!Insured!!Civilian noninstitutionalized population!!HOUSEHOLD INCOME (IN 2018 INFLATION-ADJUSTED DOLLARS)!!Total household population!!$50,000 to $74,999"
"S2701_C02_054M","Margin of Error!!Insured MOE!!Civilian noninstitutionalized population!!HOUSEHOLD INCOME (IN 2018 INFLATION-ADJUSTED DOLLARS)!!Total household population!!$50,000 to $74,999"
"S2701_C02_055E","Estimate!!Insured!!Civilian noninstitutionalized population!!HOUSEHOLD INCOME (IN 2018 INFLATION-ADJUSTED DOLLARS)!!Total household population!!$75,000 to $99,999"
"S2701_C02_055M","Margin of Error!!Insured MOE!!Civilian noninstitutionalized population!!HOUSEHOLD INCOME (IN 2018 INFLATION-ADJUSTED DOLLARS)!!Total household population!!$75,000 to $99,999"
"S2701_C02_056E","Estimate!!Insured!!Civilian noninstitutionalized population!!HOUSEHOLD INCOME (IN 2018 INFLATION-ADJUSTED DOLLARS)!!Total household population!!$100,000 and over"
"S2701_C02_056M","Margin of Error!!Insured MOE!!Civilian noninstitutionalized population!!HOUSEHOLD INCOME (IN 2018 INFLATION-ADJUSTED DOLLARS)!!Total household population!!$100,000 and over"
"S2701_C02_057E","Estimate!!Insured!!Civilian noninstitutionalized population!!RATIO OF INCOME TO POVERTY LEVEL IN THE PAST 12 MONTHS!!Civilian noninstitutionalized population for whom poverty status is determined"
"S2701_C02_057M","Margin of Error!!Insured MOE!!Civilian noninstitutionalized population!!RATIO OF INCOME TO POVERTY LEVEL IN THE PAST 12 MONTHS!!Civilian noninstitutionalized population for whom poverty status is determined"
"S2701_C02_058E","Estimate!!Insured!!Civilian noninstitutionalized population!!RATIO OF INCOME TO POVERTY LEVEL IN THE PAST 12 MONTHS!!Civilian noninstitutionalized population for whom poverty status is determined!!Below 138 percent of the poverty threshold"
"S2701_C02_058M","Margin of Error!!Insured MOE!!Civilian noninstitutionalized population!!RATIO OF INCOME TO POVERTY LEVEL IN THE PAST 12 MONTHS!!Civilian noninstitutionalized population for whom poverty status is determined!!Below 138 percent of the poverty threshold"
"S2701_C02_059E","Estimate!!Insured!!Civilian noninstitutionalized population!!RATIO OF INCOME TO POVERTY LEVEL IN THE PAST 12 MONTHS!!Civilian noninstitutionalized population for whom poverty status is determined!!138 to 399 percent of the poverty threshold"
"S2701_C02_059M","Margin of Error!!Insured MOE!!Civilian noninstitutionalized population!!RATIO OF INCOME TO POVERTY LEVEL IN THE PAST 12 MONTHS!!Civilian noninstitutionalized population for whom poverty status is determined!!138 to 399 percent of the poverty threshold"
"S2701_C02_060E","Estimate!!Insured!!Civilian noninstitutionalized population!!RATIO OF INCOME TO POVERTY LEVEL IN THE PAST 12 MONTHS!!Civilian noninstitutionalized population for whom poverty status is determined!!At or above 400 percent of the poverty threshold"
"S2701_C02_060M","Margin of Error!!Insured MOE!!Civilian noninstitutionalized population!!RATIO OF INCOME TO POVERTY LEVEL IN THE PAST 12 MONTHS!!Civilian noninstitutionalized population for whom poverty status is determined!!At or above 400 percent of the poverty threshold"
"S2701_C02_061E","Estimate!!Insured!!Civilian noninstitutionalized population!!RATIO OF INCOME TO POVERTY LEVEL IN THE PAST 12 MONTHS!!Civilian noninstitutionalized population for whom poverty status is determined!!Below 100 percent of the poverty threshold"
"S2701_C02_061M","Margin of Error!!Insured MOE!!Civilian noninstitutionalized population!!RATIO OF INCOME TO POVERTY LEVEL IN THE PAST 12 MONTHS!!Civilian noninstitutionalized population for whom poverty status is determined!!Below 100 percent of the poverty threshold"
"S2701_C03_001E","Estimate!!Percent Insured!!Civilian noninstitutionalized population"
"S2701_C03_001M","Margin of Error!!Percent Insured MOE!!Civilian noninstitutionalized population"
"S2701_C03_002E","Estimate!!Percent Insured!!Civilian noninstitutionalized population!!AGE!!Under 6 years"
"S2701_C03_002M","Margin of Error!!Percent Insured MOE!!Civilian noninstitutionalized population!!AGE!!Under 6 years"
"S2701_C03_003E","Estimate!!Percent Insured!!Civilian noninstitutionalized population!!AGE!!6 to 18 years"
"S2701_C03_003M","Margin of Error!!Percent Insured MOE!!Civilian noninstitutionalized population!!AGE!!6 to 18 years"
"S2701_C03_004E","Estimate!!Percent Insured!!Civilian noninstitutionalized population!!AGE!!19 to 25 years"
"S2701_C03_004M","Margin of Error!!Percent Insured MOE!!Civilian noninstitutionalized population!!AGE!!19 to 25 years"
"S2701_C03_005E","Estimate!!Percent Insured!!Civilian noninstitutionalized population!!AGE!!26 to 34 years"
"S2701_C03_005M","Margin of Error!!Percent Insured MOE!!Civilian noninstitutionalized population!!AGE!!26 to 34 years"
"S2701_C03_006E","Estimate!!Percent Insured!!Civilian noninstitutionalized population!!AGE!!35 to 44 years"
"S2701_C03_006M","Margin of Error!!Percent Insured MOE!!Civilian noninstitutionalized population!!AGE!!35 to 44 years"
"S2701_C03_007E","Estimate!!Percent Insured!!Civilian noninstitutionalized population!!AGE!!45 to 54 years"
"S2701_C03_007M","Margin of Error!!Percent Insured MOE!!Civilian noninstitutionalized population!!AGE!!45 to 54 years"
"S2701_C03_008E","Estimate!!Percent Insured!!Civilian noninstitutionalized population!!AGE!!55 to 64 years"
"S2701_C03_008M","Margin of Error!!Percent Insured MOE!!Civilian noninstitutionalized population!!AGE!!55 to 64 years"
"S2701_C03_009E","Estimate!!Percent Insured!!Civilian noninstitutionalized population!!AGE!!65 to 74 years"
"S2701_C03_009M","Margin of Error!!Percent Insured MOE!!Civilian noninstitutionalized population!!AGE!!65 to 74 years"
"S2701_C03_010E","Estimate!!Percent Insured!!Civilian noninstitutionalized population!!AGE!!75 years and older"
"S2701_C03_010M","Margin of Error!!Percent Insured MOE!!Civilian noninstitutionalized population!!AGE!!75 years and older"
"S2701_C03_011E","Estimate!!Percent Insured!!Civilian noninstitutionalized population!!AGE!!Under 19 years"
"S2701_C03_011M","Margin of Error!!Percent Insured MOE!!Civilian noninstitutionalized population!!AGE!!Under 19 years"
"S2701_C03_012E","Estimate!!Percent Insured!!Civilian noninstitutionalized population!!AGE!!19 to 64 years"
"S2701_C03_012M","Margin of Error!!Percent Insured MOE!!Civilian noninstitutionalized population!!AGE!!19 to 64 years"
"S2701_C03_013E","Estimate!!Percent Insured!!Civilian noninstitutionalized population!!AGE!!65 years and older"
"S2701_C03_013M","Margin of Error!!Percent Insured MOE!!Civilian noninstitutionalized population!!AGE!!65 years and older"
"S2701_C03_014E","Estimate!!Percent Insured!!Civilian noninstitutionalized population!!SEX!!Male"
"S2701_C03_014M","Margin of Error!!Percent Insured MOE!!Civilian noninstitutionalized population!!SEX!!Male"
"S2701_C03_015E","Estimate!!Percent Insured!!Civilian noninstitutionalized population!!SEX!!Female"
"S2701_C03_015M","Margin of Error!!Percent Insured MOE!!Civilian noninstitutionalized population!!SEX!!Female"
"S2701_C03_016E","Estimate!!Percent Insured!!Civilian noninstitutionalized population!!RACE AND HISPANIC OR LATINO ORIGIN!!White alone"
"S2701_C03_016M","Margin of Error!!Percent Insured MOE!!Civilian noninstitutionalized population!!RACE AND HISPANIC OR LATINO ORIGIN!!White alone"
"S2701_C03_017E","Estimate!!Percent Insured!!Civilian noninstitutionalized population!!RACE AND HISPANIC OR LATINO ORIGIN!!Black or African American alone"
"S2701_C03_017M","Margin of Error!!Percent Insured MOE!!Civilian noninstitutionalized population!!RACE AND HISPANIC OR LATINO ORIGIN!!Black or African American alone"
"S2701_C03_018E","Estimate!!Percent Insured!!Civilian noninstitutionalized population!!RACE AND HISPANIC OR LATINO ORIGIN!!American Indian and Alaska Native alone"
"S2701_C03_018M","Margin of Error!!Percent Insured MOE!!Civilian noninstitutionalized population!!RACE AND HISPANIC OR LATINO ORIGIN!!American Indian and Alaska Native alone"
"S2701_C03_019E","Estimate!!Percent Insured!!Civilian noninstitutionalized population!!RACE AND HISPANIC OR LATINO ORIGIN!!Asian alone"
"S2701_C03_019M","Margin of Error!!Percent Insured MOE!!Civilian noninstitutionalized population!!RACE AND HISPANIC OR LATINO ORIGIN!!Asian alone"
"S2701_C03_020E","Estimate!!Percent Insured!!Civilian noninstitutionalized population!!RACE AND HISPANIC OR LATINO ORIGIN!!Native Hawaiian and Other Pacific Islander alone"
"S2701_C03_020M","Margin of Error!!Percent Insured MOE!!Civilian noninstitutionalized population!!RACE AND HISPANIC OR LATINO ORIGIN!!Native Hawaiian and Other Pacific Islander alone"
"S2701_C03_021E","Estimate!!Percent Insured!!Civilian noninstitutionalized population!!RACE AND HISPANIC OR LATINO ORIGIN!!Some other race alone"
"S2701_C03_021M","Margin of Error!!Percent Insured MOE!!Civilian noninstitutionalized population!!RACE AND HISPANIC OR LATINO ORIGIN!!Some other race alone"
"S2701_C03_022E","Estimate!!Percent Insured!!Civilian noninstitutionalized population!!RACE AND HISPANIC OR LATINO ORIGIN!!Two or more races"
"S2701_C03_022M","Margin of Error!!Percent Insured MOE!!Civilian noninstitutionalized population!!RACE AND HISPANIC OR LATINO ORIGIN!!Two or more races"
"S2701_C03_023E","Estimate!!Percent Insured!!Civilian noninstitutionalized population!!RACE AND HISPANIC OR LATINO ORIGIN!!Hispanic or Latino (of any race)"
"S2701_C03_023M","Margin of Error!!Percent Insured MOE!!Civilian noninstitutionalized population!!RACE AND HISPANIC OR LATINO ORIGIN!!Hispanic or Latino (of any race)"
"S2701_C03_024E","Estimate!!Percent Insured!!Civilian noninstitutionalized population!!RACE AND HISPANIC OR LATINO ORIGIN!!White alone, not Hispanic or Latino"
"S2701_C03_024M","Margin of Error!!Percent Insured MOE!!Civilian noninstitutionalized population!!RACE AND HISPANIC OR LATINO ORIGIN!!White alone, not Hispanic or Latino"
"S2701_C03_025E","Estimate!!Percent Insured!!Civilian noninstitutionalized population!!LIVING ARRANGEMENTS!!In family households"
"S2701_C03_025M","Margin of Error!!Percent Insured MOE!!Civilian noninstitutionalized population!!LIVING ARRANGEMENTS!!In family households"
"S2701_C03_026E","Estimate!!Percent Insured!!Civilian noninstitutionalized population!!LIVING ARRANGEMENTS!!In family households!!In married couple families"
"S2701_C03_026M","Margin of Error!!Percent Insured MOE!!Civilian noninstitutionalized population!!LIVING ARRANGEMENTS!!In family households!!In married couple families"
"S2701_C03_027E","Estimate!!Percent Insured!!Civilian noninstitutionalized population!!LIVING ARRANGEMENTS!!In family households!!In other families"
"S2701_C03_027M","Margin of Error!!Percent Insured MOE!!Civilian noninstitutionalized population!!LIVING ARRANGEMENTS!!In family households!!In other families"
"S2701_C03_028E","Estimate!!Percent Insured!!Civilian noninstitutionalized population!!LIVING ARRANGEMENTS!!In family households!!In other families!!Male householder, no wife present"
"S2701_C03_028M","Margin of Error!!Percent Insured MOE!!Civilian noninstitutionalized population!!LIVING ARRANGEMENTS!!In family households!!In other families!!Male householder, no wife present"
"S2701_C03_029E","Estimate!!Percent Insured!!Civilian noninstitutionalized population!!LIVING ARRANGEMENTS!!In family households!!In other families!!Female householder, no husband present"
"S2701_C03_029M","Margin of Error!!Percent Insured MOE!!Civilian noninstitutionalized population!!LIVING ARRANGEMENTS!!In family households!!In other families!!Female householder, no husband present"
"S2701_C03_030E","Estimate!!Percent Insured!!Civilian noninstitutionalized population!!LIVING ARRANGEMENTS!!In non-family households and other living arrangements"
"S2701_C03_030M","Margin of Error!!Percent Insured MOE!!Civilian noninstitutionalized population!!LIVING ARRANGEMENTS!!In non-family households and other living arrangements"
"S2701_C03_031E","Estimate!!Percent Insured!!Civilian noninstitutionalized population!!NATIVITY AND U.S. CITIZENSHIP STATUS!!Native born"
"S2701_C03_031M","Margin of Error!!Percent Insured MOE!!Civilian noninstitutionalized population!!NATIVITY AND U.S. CITIZENSHIP STATUS!!Native born"
"S2701_C03_032E","Estimate!!Percent Insured!!Civilian noninstitutionalized population!!NATIVITY AND U.S. CITIZENSHIP STATUS!!Foreign born"
"S2701_C03_032M","Margin of Error!!Percent Insured MOE!!Civilian noninstitutionalized population!!NATIVITY AND U.S. CITIZENSHIP STATUS!!Foreign born"
"S2701_C03_033E","Estimate!!Percent Insured!!Civilian noninstitutionalized population!!NATIVITY AND U.S. CITIZENSHIP STATUS!!Foreign born!!Naturalized"
"S2701_C03_033M","Margin of Error!!Percent Insured MOE!!Civilian noninstitutionalized population!!NATIVITY AND U.S. CITIZENSHIP STATUS!!Foreign born!!Naturalized"
"S2701_C03_034E","Estimate!!Percent Insured!!Civilian noninstitutionalized population!!NATIVITY AND U.S. CITIZENSHIP STATUS!!Foreign born!!Not a citizen"
"S2701_C03_034M","Margin of Error!!Percent Insured MOE!!Civilian noninstitutionalized population!!NATIVITY AND U.S. CITIZENSHIP STATUS!!Foreign born!!Not a citizen"
"S2701_C03_035E","Estimate!!Percent Insured!!Civilian noninstitutionalized population!!DISABILITY STATUS!!With a disability"
"S2701_C03_035M","Margin of Error!!Percent Insured MOE!!Civilian noninstitutionalized population!!DISABILITY STATUS!!With a disability"
"S2701_C03_036E","Estimate!!Percent Insured!!Civilian noninstitutionalized population!!DISABILITY STATUS!!No disability"
"S2701_C03_036M","Margin of Error!!Percent Insured MOE!!Civilian noninstitutionalized population!!DISABILITY STATUS!!No disability"
"S2701_C03_037E","Estimate!!Percent Insured!!Civilian noninstitutionalized population!!EDUCATIONAL ATTAINMENT!!Civilian noninstitutionalized population 26 years and over"
"S2701_C03_037M","Margin of Error!!Percent Insured MOE!!Civilian noninstitutionalized population!!EDUCATIONAL ATTAINMENT!!Civilian noninstitutionalized population 26 years and over"
"S2701_C03_038E","Estimate!!Percent Insured!!Civilian noninstitutionalized population!!EDUCATIONAL ATTAINMENT!!Civilian noninstitutionalized population 26 years and over!!Less than high school graduate"
"S2701_C03_038M","Margin of Error!!Percent Insured MOE!!Civilian noninstitutionalized population!!EDUCATIONAL ATTAINMENT!!Civilian noninstitutionalized population 26 years and over!!Less than high school graduate"
"S2701_C03_039E","Estimate!!Percent Insured!!Civilian noninstitutionalized population!!EDUCATIONAL ATTAINMENT!!Civilian noninstitutionalized population 26 years and over!!High school graduate (includes equivalency)"
"S2701_C03_039M","Margin of Error!!Percent Insured MOE!!Civilian noninstitutionalized population!!EDUCATIONAL ATTAINMENT!!Civilian noninstitutionalized population 26 years and over!!High school graduate (includes equivalency)"
"S2701_C03_040E","Estimate!!Percent Insured!!Civilian noninstitutionalized population!!EDUCATIONAL ATTAINMENT!!Civilian noninstitutionalized population 26 years and over!!Some college or associate's degree"
"S2701_C03_040M","Margin of Error!!Percent Insured MOE!!Civilian noninstitutionalized population!!EDUCATIONAL ATTAINMENT!!Civilian noninstitutionalized population 26 years and over!!Some college or associate's degree"
"S2701_C03_041E","Estimate!!Percent Insured!!Civilian noninstitutionalized population!!EDUCATIONAL ATTAINMENT!!Civilian noninstitutionalized population 26 years and over!!Bachelor's degree or higher"
"S2701_C03_041M","Margin of Error!!Percent Insured MOE!!Civilian noninstitutionalized population!!EDUCATIONAL ATTAINMENT!!Civilian noninstitutionalized population 26 years and over!!Bachelor's degree or higher"
"S2701_C03_042E","Estimate!!Percent Insured!!Civilian noninstitutionalized population!!EMPLOYMENT STATUS!!Civilian noninstitutionalized population 19 to 64 years"
"S2701_C03_042M","Margin of Error!!Percent Insured MOE!!Civilian noninstitutionalized population!!EMPLOYMENT STATUS!!Civilian noninstitutionalized population 19 to 64 years"
"S2701_C03_043E","Estimate!!Percent Insured!!Civilian noninstitutionalized population!!EMPLOYMENT STATUS!!Civilian noninstitutionalized population 19 to 64 years!!In labor force"
"S2701_C03_043M","Margin of Error!!Percent Insured MOE!!Civilian noninstitutionalized population!!EMPLOYMENT STATUS!!Civilian noninstitutionalized population 19 to 64 years!!In labor force"
"S2701_C03_044E","Estimate!!Percent Insured!!Civilian noninstitutionalized population!!EMPLOYMENT STATUS!!Civilian noninstitutionalized population 19 to 64 years!!In labor force!!Employed"
"S2701_C03_044M","Margin of Error!!Percent Insured MOE!!Civilian noninstitutionalized population!!EMPLOYMENT STATUS!!Civilian noninstitutionalized population 19 to 64 years!!In labor force!!Employed"
"S2701_C03_045E","Estimate!!Percent Insured!!Civilian noninstitutionalized population!!EMPLOYMENT STATUS!!Civilian noninstitutionalized population 19 to 64 years!!In labor force!!Unemployed"
"S2701_C03_045M","Margin of Error!!Percent Insured MOE!!Civilian noninstitutionalized population!!EMPLOYMENT STATUS!!Civilian noninstitutionalized population 19 to 64 years!!In labor force!!Unemployed"
"S2701_C03_046E","Estimate!!Percent Insured!!Civilian noninstitutionalized population!!EMPLOYMENT STATUS!!Civilian noninstitutionalized population 19 to 64 years!!Not in labor force"
"S2701_C03_046M","Margin of Error!!Percent Insured MOE!!Civilian noninstitutionalized population!!EMPLOYMENT STATUS!!Civilian noninstitutionalized population 19 to 64 years!!Not in labor force"
"S2701_C03_047E","Estimate!!Percent Insured!!Civilian noninstitutionalized population!!WORK EXPERIENCE!!Civilian noninstitutionalized population 19 to 64 years"
"S2701_C03_047M","Margin of Error!!Percent Insured MOE!!Civilian noninstitutionalized population!!WORK EXPERIENCE!!Civilian noninstitutionalized population 19 to 64 years"
"S2701_C03_048E","Estimate!!Percent Insured!!Civilian noninstitutionalized population!!WORK EXPERIENCE!!Civilian noninstitutionalized population 19 to 64 years!!Worked full-time, year round in the past 12 months"
"S2701_C03_048M","Margin of Error!!Percent Insured MOE!!Civilian noninstitutionalized population!!WORK EXPERIENCE!!Civilian noninstitutionalized population 19 to 64 years!!Worked full-time, year round in the past 12 months"
"S2701_C03_049E","Estimate!!Percent Insured!!Civilian noninstitutionalized population!!WORK EXPERIENCE!!Civilian noninstitutionalized population 19 to 64 years!!Worked less than full-time, year round in the past 12 months"
"S2701_C03_049M","Margin of Error!!Percent Insured MOE!!Civilian noninstitutionalized population!!WORK EXPERIENCE!!Civilian noninstitutionalized population 19 to 64 years!!Worked less than full-time, year round in the past 12 months"
"S2701_C03_050E","Estimate!!Percent Insured!!Civilian noninstitutionalized population!!WORK EXPERIENCE!!Civilian noninstitutionalized population 19 to 64 years!!Did not work"
"S2701_C03_050M","Margin of Error!!Percent Insured MOE!!Civilian noninstitutionalized population!!WORK EXPERIENCE!!Civilian noninstitutionalized population 19 to 64 years!!Did not work"
"S2701_C03_051E","Estimate!!Percent Insured!!Civilian noninstitutionalized population!!HOUSEHOLD INCOME (IN 2018 INFLATION-ADJUSTED DOLLARS)!!Total household population"
"S2701_C03_051M","Margin of Error!!Percent Insured MOE!!Civilian noninstitutionalized population!!HOUSEHOLD INCOME (IN 2018 INFLATION-ADJUSTED DOLLARS)!!Total household population"
"S2701_C03_052E","Estimate!!Percent Insured!!Civilian noninstitutionalized population!!HOUSEHOLD INCOME (IN 2018 INFLATION-ADJUSTED DOLLARS)!!Total household population!!Under $25,000"
"S2701_C03_052M","Margin of Error!!Percent Insured MOE!!Civilian noninstitutionalized population!!HOUSEHOLD INCOME (IN 2018 INFLATION-ADJUSTED DOLLARS)!!Total household population!!Under $25,000"
"S2701_C03_053E","Estimate!!Percent Insured!!Civilian noninstitutionalized population!!HOUSEHOLD INCOME (IN 2018 INFLATION-ADJUSTED DOLLARS)!!Total household population!!$25,000 to $49,999"
"S2701_C03_053M","Margin of Error!!Percent Insured MOE!!Civilian noninstitutionalized population!!HOUSEHOLD INCOME (IN 2018 INFLATION-ADJUSTED DOLLARS)!!Total household population!!$25,000 to $49,999"
"S2701_C03_054E","Estimate!!Percent Insured!!Civilian noninstitutionalized population!!HOUSEHOLD INCOME (IN 2018 INFLATION-ADJUSTED DOLLARS)!!Total household population!!$50,000 to $74,999"
"S2701_C03_054M","Margin of Error!!Percent Insured MOE!!Civilian noninstitutionalized population!!HOUSEHOLD INCOME (IN 2018 INFLATION-ADJUSTED DOLLARS)!!Total household population!!$50,000 to $74,999"
"S2701_C03_055E","Estimate!!Percent Insured!!Civilian noninstitutionalized population!!HOUSEHOLD INCOME (IN 2018 INFLATION-ADJUSTED DOLLARS)!!Total household population!!$75,000 to $99,999"
"S2701_C03_055M","Margin of Error!!Percent Insured MOE!!Civilian noninstitutionalized population!!HOUSEHOLD INCOME (IN 2018 INFLATION-ADJUSTED DOLLARS)!!Total household population!!$75,000 to $99,999"
"S2701_C03_056E","Estimate!!Percent Insured!!Civilian noninstitutionalized population!!HOUSEHOLD INCOME (IN 2018 INFLATION-ADJUSTED DOLLARS)!!Total household population!!$100,000 and over"
"S2701_C03_056M","Margin of Error!!Percent Insured MOE!!Civilian noninstitutionalized population!!HOUSEHOLD INCOME (IN 2018 INFLATION-ADJUSTED DOLLARS)!!Total household population!!$100,000 and over"
"S2701_C03_057E","Estimate!!Percent Insured!!Civilian noninstitutionalized population!!RATIO OF INCOME TO POVERTY LEVEL IN THE PAST 12 MONTHS!!Civilian noninstitutionalized population for whom poverty status is determined"
"S2701_C03_057M","Margin of Error!!Percent Insured MOE!!Civilian noninstitutionalized population!!RATIO OF INCOME TO POVERTY LEVEL IN THE PAST 12 MONTHS!!Civilian noninstitutionalized population for whom poverty status is determined"
"S2701_C03_058E","Estimate!!Percent Insured!!Civilian noninstitutionalized population!!RATIO OF INCOME TO POVERTY LEVEL IN THE PAST 12 MONTHS!!Civilian noninstitutionalized population for whom poverty status is determined!!Below 138 percent of the poverty threshold"
"S2701_C03_058M","Margin of Error!!Percent Insured MOE!!Civilian noninstitutionalized population!!RATIO OF INCOME TO POVERTY LEVEL IN THE PAST 12 MONTHS!!Civilian noninstitutionalized population for whom poverty status is determined!!Below 138 percent of the poverty threshold"
"S2701_C03_059E","Estimate!!Percent Insured!!Civilian noninstitutionalized population!!RATIO OF INCOME TO POVERTY LEVEL IN THE PAST 12 MONTHS!!Civilian noninstitutionalized population for whom poverty status is determined!!138 to 399 percent of the poverty threshold"
"S2701_C03_059M","Margin of Error!!Percent Insured MOE!!Civilian noninstitutionalized population!!RATIO OF INCOME TO POVERTY LEVEL IN THE PAST 12 MONTHS!!Civilian noninstitutionalized population for whom poverty status is determined!!138 to 399 percent of the poverty threshold"
"S2701_C03_060E","Estimate!!Percent Insured!!Civilian noninstitutionalized population!!RATIO OF INCOME TO POVERTY LEVEL IN THE PAST 12 MONTHS!!Civilian noninstitutionalized population for whom poverty status is determined!!At or above 400 percent of the poverty threshold"
"S2701_C03_060M","Margin of Error!!Percent Insured MOE!!Civilian noninstitutionalized population!!RATIO OF INCOME TO POVERTY LEVEL IN THE PAST 12 MONTHS!!Civilian noninstitutionalized population for whom poverty status is determined!!At or above 400 percent of the poverty threshold"
"S2701_C03_061E","Estimate!!Percent Insured!!Civilian noninstitutionalized population!!RATIO OF INCOME TO POVERTY LEVEL IN THE PAST 12 MONTHS!!Civilian noninstitutionalized population for whom poverty status is determined!!Below 100 percent of the poverty threshold"
"S2701_C03_061M","Margin of Error!!Percent Insured MOE!!Civilian noninstitutionalized population!!RATIO OF INCOME TO POVERTY LEVEL IN THE PAST 12 MONTHS!!Civilian noninstitutionalized population for whom poverty status is determined!!Below 100 percent of the poverty threshold"
"S2701_C04_001E","Estimate!!Uninsured!!Civilian noninstitutionalized population"
"S2701_C04_001M","Margin of Error!!Uninsured MOE!!Civilian noninstitutionalized population"
"S2701_C04_002E","Estimate!!Uninsured!!Civilian noninstitutionalized population!!AGE!!Under 6 years"
"S2701_C04_002M","Margin of Error!!Uninsured MOE!!Civilian noninstitutionalized population!!AGE!!Under 6 years"
"S2701_C04_003E","Estimate!!Uninsured!!Civilian noninstitutionalized population!!AGE!!6 to 18 years"
"S2701_C04_003M","Margin of Error!!Uninsured MOE!!Civilian noninstitutionalized population!!AGE!!6 to 18 years"
"S2701_C04_004E","Estimate!!Uninsured!!Civilian noninstitutionalized population!!AGE!!19 to 25 years"
"S2701_C04_004M","Margin of Error!!Uninsured MOE!!Civilian noninstitutionalized population!!AGE!!19 to 25 years"
"S2701_C04_005E","Estimate!!Uninsured!!Civilian noninstitutionalized population!!AGE!!26 to 34 years"
"S2701_C04_005M","Margin of Error!!Uninsured MOE!!Civilian noninstitutionalized population!!AGE!!26 to 34 years"
"S2701_C04_006E","Estimate!!Uninsured!!Civilian noninstitutionalized population!!AGE!!35 to 44 years"
"S2701_C04_006M","Margin of Error!!Uninsured MOE!!Civilian noninstitutionalized population!!AGE!!35 to 44 years"
"S2701_C04_007E","Estimate!!Uninsured!!Civilian noninstitutionalized population!!AGE!!45 to 54 years"
"S2701_C04_007M","Margin of Error!!Uninsured MOE!!Civilian noninstitutionalized population!!AGE!!45 to 54 years"
"S2701_C04_008E","Estimate!!Uninsured!!Civilian noninstitutionalized population!!AGE!!55 to 64 years"
"S2701_C04_008M","Margin of Error!!Uninsured MOE!!Civilian noninstitutionalized population!!AGE!!55 to 64 years"
"S2701_C04_009E","Estimate!!Uninsured!!Civilian noninstitutionalized population!!AGE!!65 to 74 years"
"S2701_C04_009M","Margin of Error!!Uninsured MOE!!Civilian noninstitutionalized population!!AGE!!65 to 74 years"
"S2701_C04_010E","Estimate!!Uninsured!!Civilian noninstitutionalized population!!AGE!!75 years and older"
"S2701_C04_010M","Margin of Error!!Uninsured MOE!!Civilian noninstitutionalized population!!AGE!!75 years and older"
"S2701_C04_011E","Estimate!!Uninsured!!Civilian noninstitutionalized population!!AGE!!Under 19 years"
"S2701_C04_011M","Margin of Error!!Uninsured MOE!!Civilian noninstitutionalized population!!AGE!!Under 19 years"
"S2701_C04_012E","Estimate!!Uninsured!!Civilian noninstitutionalized population!!AGE!!19 to 64 years"
"S2701_C04_012M","Margin of Error!!Uninsured MOE!!Civilian noninstitutionalized population!!AGE!!19 to 64 years"
"S2701_C04_013E","Estimate!!Uninsured!!Civilian noninstitutionalized population!!AGE!!65 years and older"
"S2701_C04_013M","Margin of Error!!Uninsured MOE!!Civilian noninstitutionalized population!!AGE!!65 years and older"
"S2701_C04_014E","Estimate!!Uninsured!!Civilian noninstitutionalized population!!SEX!!Male"
"S2701_C04_014M","Margin of Error!!Uninsured MOE!!Civilian noninstitutionalized population!!SEX!!Male"
"S2701_C04_015E","Estimate!!Uninsured!!Civilian noninstitutionalized population!!SEX!!Female"
"S2701_C04_015M","Margin of Error!!Uninsured MOE!!Civilian noninstitutionalized population!!SEX!!Female"
"S2701_C04_016E","Estimate!!Uninsured!!Civilian noninstitutionalized population!!RACE AND HISPANIC OR LATINO ORIGIN!!White alone"
"S2701_C04_016M","Margin of Error!!Uninsured MOE!!Civilian noninstitutionalized population!!RACE AND HISPANIC OR LATINO ORIGIN!!White alone"
"S2701_C04_017E","Estimate!!Uninsured!!Civilian noninstitutionalized population!!RACE AND HISPANIC OR LATINO ORIGIN!!Black or African American alone"
"S2701_C04_017M","Margin of Error!!Uninsured MOE!!Civilian noninstitutionalized population!!RACE AND HISPANIC OR LATINO ORIGIN!!Black or African American alone"
"S2701_C04_018E","Estimate!!Uninsured!!Civilian noninstitutionalized population!!RACE AND HISPANIC OR LATINO ORIGIN!!American Indian and Alaska Native alone"
"S2701_C04_018M","Margin of Error!!Uninsured MOE!!Civilian noninstitutionalized population!!RACE AND HISPANIC OR LATINO ORIGIN!!American Indian and Alaska Native alone"
"S2701_C04_019E","Estimate!!Uninsured!!Civilian noninstitutionalized population!!RACE AND HISPANIC OR LATINO ORIGIN!!Asian alone"
"S2701_C04_019M","Margin of Error!!Uninsured MOE!!Civilian noninstitutionalized population!!RACE AND HISPANIC OR LATINO ORIGIN!!Asian alone"
"S2701_C04_020E","Estimate!!Uninsured!!Civilian noninstitutionalized population!!RACE AND HISPANIC OR LATINO ORIGIN!!Native Hawaiian and Other Pacific Islander alone"
"S2701_C04_020M","Margin of Error!!Uninsured MOE!!Civilian noninstitutionalized population!!RACE AND HISPANIC OR LATINO ORIGIN!!Native Hawaiian and Other Pacific Islander alone"
"S2701_C04_021E","Estimate!!Uninsured!!Civilian noninstitutionalized population!!RACE AND HISPANIC OR LATINO ORIGIN!!Some other race alone"
"S2701_C04_021M","Margin of Error!!Uninsured MOE!!Civilian noninstitutionalized population!!RACE AND HISPANIC OR LATINO ORIGIN!!Some other race alone"
"S2701_C04_022E","Estimate!!Uninsured!!Civilian noninstitutionalized population!!RACE AND HISPANIC OR LATINO ORIGIN!!Two or more races"
"S2701_C04_022M","Margin of Error!!Uninsured MOE!!Civilian noninstitutionalized population!!RACE AND HISPANIC OR LATINO ORIGIN!!Two or more races"
"S2701_C04_023E","Estimate!!Uninsured!!Civilian noninstitutionalized population!!RACE AND HISPANIC OR LATINO ORIGIN!!Hispanic or Latino (of any race)"
"S2701_C04_023M","Margin of Error!!Uninsured MOE!!Civilian noninstitutionalized population!!RACE AND HISPANIC OR LATINO ORIGIN!!Hispanic or Latino (of any race)"
"S2701_C04_024E","Estimate!!Uninsured!!Civilian noninstitutionalized population!!RACE AND HISPANIC OR LATINO ORIGIN!!White alone, not Hispanic or Latino"
"S2701_C04_024M","Margin of Error!!Uninsured MOE!!Civilian noninstitutionalized population!!RACE AND HISPANIC OR LATINO ORIGIN!!White alone, not Hispanic or Latino"
"S2701_C04_025E","Estimate!!Uninsured!!Civilian noninstitutionalized population!!LIVING ARRANGEMENTS!!In family households"
"S2701_C04_025M","Margin of Error!!Uninsured MOE!!Civilian noninstitutionalized population!!LIVING ARRANGEMENTS!!In family households"
"S2701_C04_026E","Estimate!!Uninsured!!Civilian noninstitutionalized population!!LIVING ARRANGEMENTS!!In family households!!In married couple families"
"S2701_C04_026M","Margin of Error!!Uninsured MOE!!Civilian noninstitutionalized population!!LIVING ARRANGEMENTS!!In family households!!In married couple families"
"S2701_C04_027E","Estimate!!Uninsured!!Civilian noninstitutionalized population!!LIVING ARRANGEMENTS!!In family households!!In other families"
"S2701_C04_027M","Margin of Error!!Uninsured MOE!!Civilian noninstitutionalized population!!LIVING ARRANGEMENTS!!In family households!!In other families"
"S2701_C04_028E","Estimate!!Uninsured!!Civilian noninstitutionalized population!!LIVING ARRANGEMENTS!!In family households!!In other families!!Male householder, no wife present"
"S2701_C04_028M","Margin of Error!!Uninsured MOE!!Civilian noninstitutionalized population!!LIVING ARRANGEMENTS!!In family households!!In other families!!Male householder, no wife present"
"S2701_C04_029E","Estimate!!Uninsured!!Civilian noninstitutionalized population!!LIVING ARRANGEMENTS!!In family households!!In other families!!Female householder, no husband present"
"S2701_C04_029M","Margin of Error!!Uninsured MOE!!Civilian noninstitutionalized population!!LIVING ARRANGEMENTS!!In family households!!In other families!!Female householder, no husband present"
"S2701_C04_030E","Estimate!!Uninsured!!Civilian noninstitutionalized population!!LIVING ARRANGEMENTS!!In non-family households and other living arrangements"
"S2701_C04_030M","Margin of Error!!Uninsured MOE!!Civilian noninstitutionalized population!!LIVING ARRANGEMENTS!!In non-family households and other living arrangements"
"S2701_C04_031E","Estimate!!Uninsured!!Civilian noninstitutionalized population!!NATIVITY AND U.S. CITIZENSHIP STATUS!!Native born"
"S2701_C04_031M","Margin of Error!!Uninsured MOE!!Civilian noninstitutionalized population!!NATIVITY AND U.S. CITIZENSHIP STATUS!!Native born"
"S2701_C04_032E","Estimate!!Uninsured!!Civilian noninstitutionalized population!!NATIVITY AND U.S. CITIZENSHIP STATUS!!Foreign born"
"S2701_C04_032M","Margin of Error!!Uninsured MOE!!Civilian noninstitutionalized population!!NATIVITY AND U.S. CITIZENSHIP STATUS!!Foreign born"
"S2701_C04_033E","Estimate!!Uninsured!!Civilian noninstitutionalized population!!NATIVITY AND U.S. CITIZENSHIP STATUS!!Foreign born!!Naturalized"
"S2701_C04_033M","Margin of Error!!Uninsured MOE!!Civilian noninstitutionalized population!!NATIVITY AND U.S. CITIZENSHIP STATUS!!Foreign born!!Naturalized"
"S2701_C04_034E","Estimate!!Uninsured!!Civilian noninstitutionalized population!!NATIVITY AND U.S. CITIZENSHIP STATUS!!Foreign born!!Not a citizen"
"S2701_C04_034M","Margin of Error!!Uninsured MOE!!Civilian noninstitutionalized population!!NATIVITY AND U.S. CITIZENSHIP STATUS!!Foreign born!!Not a citizen"
"S2701_C04_035E","Estimate!!Uninsured!!Civilian noninstitutionalized population!!DISABILITY STATUS!!With a disability"
"S2701_C04_035M","Margin of Error!!Uninsured MOE!!Civilian noninstitutionalized population!!DISABILITY STATUS!!With a disability"
"S2701_C04_036E","Estimate!!Uninsured!!Civilian noninstitutionalized population!!DISABILITY STATUS!!No disability"
"S2701_C04_036M","Margin of Error!!Uninsured MOE!!Civilian noninstitutionalized population!!DISABILITY STATUS!!No disability"
"S2701_C04_037E","Estimate!!Uninsured!!Civilian noninstitutionalized population!!EDUCATIONAL ATTAINMENT!!Civilian noninstitutionalized population 26 years and over"
"S2701_C04_037M","Margin of Error!!Uninsured MOE!!Civilian noninstitutionalized population!!EDUCATIONAL ATTAINMENT!!Civilian noninstitutionalized population 26 years and over"
"S2701_C04_038E","Estimate!!Uninsured!!Civilian noninstitutionalized population!!EDUCATIONAL ATTAINMENT!!Civilian noninstitutionalized population 26 years and over!!Less than high school graduate"
"S2701_C04_038M","Margin of Error!!Uninsured MOE!!Civilian noninstitutionalized population!!EDUCATIONAL ATTAINMENT!!Civilian noninstitutionalized population 26 years and over!!Less than high school graduate"
"S2701_C04_039E","Estimate!!Uninsured!!Civilian noninstitutionalized population!!EDUCATIONAL ATTAINMENT!!Civilian noninstitutionalized population 26 years and over!!High school graduate (includes equivalency)"
"S2701_C04_039M","Margin of Error!!Uninsured MOE!!Civilian noninstitutionalized population!!EDUCATIONAL ATTAINMENT!!Civilian noninstitutionalized population 26 years and over!!High school graduate (includes equivalency)"
"S2701_C04_040E","Estimate!!Uninsured!!Civilian noninstitutionalized population!!EDUCATIONAL ATTAINMENT!!Civilian noninstitutionalized population 26 years and over!!Some college or associate's degree"
"S2701_C04_040M","Margin of Error!!Uninsured MOE!!Civilian noninstitutionalized population!!EDUCATIONAL ATTAINMENT!!Civilian noninstitutionalized population 26 years and over!!Some college or associate's degree"
"S2701_C04_041E","Estimate!!Uninsured!!Civilian noninstitutionalized population!!EDUCATIONAL ATTAINMENT!!Civilian noninstitutionalized population 26 years and over!!Bachelor's degree or higher"
"S2701_C04_041M","Margin of Error!!Uninsured MOE!!Civilian noninstitutionalized population!!EDUCATIONAL ATTAINMENT!!Civilian noninstitutionalized population 26 years and over!!Bachelor's degree or higher"
"S2701_C04_042E","Estimate!!Uninsured!!Civilian noninstitutionalized population!!EMPLOYMENT STATUS!!Civilian noninstitutionalized population 19 to 64 years"
"S2701_C04_042M","Margin of Error!!Uninsured MOE!!Civilian noninstitutionalized population!!EMPLOYMENT STATUS!!Civilian noninstitutionalized population 19 to 64 years"
"S2701_C04_043E","Estimate!!Uninsured!!Civilian noninstitutionalized population!!EMPLOYMENT STATUS!!Civilian noninstitutionalized population 19 to 64 years!!In labor force"
"S2701_C04_043M","Margin of Error!!Uninsured MOE!!Civilian noninstitutionalized population!!EMPLOYMENT STATUS!!Civilian noninstitutionalized population 19 to 64 years!!In labor force"
"S2701_C04_044E","Estimate!!Uninsured!!Civilian noninstitutionalized population!!EMPLOYMENT STATUS!!Civilian noninstitutionalized population 19 to 64 years!!In labor force!!Employed"
"S2701_C04_044M","Margin of Error!!Uninsured MOE!!Civilian noninstitutionalized population!!EMPLOYMENT STATUS!!Civilian noninstitutionalized population 19 to 64 years!!In labor force!!Employed"
"S2701_C04_045E","Estimate!!Uninsured!!Civilian noninstitutionalized population!!EMPLOYMENT STATUS!!Civilian noninstitutionalized population 19 to 64 years!!In labor force!!Unemployed"
"S2701_C04_045M","Margin of Error!!Uninsured MOE!!Civilian noninstitutionalized population!!EMPLOYMENT STATUS!!Civilian noninstitutionalized population 19 to 64 years!!In labor force!!Unemployed"
"S2701_C04_046E","Estimate!!Uninsured!!Civilian noninstitutionalized population!!EMPLOYMENT STATUS!!Civilian noninstitutionalized population 19 to 64 years!!Not in labor force"
"S2701_C04_046M","Margin of Error!!Uninsured MOE!!Civilian noninstitutionalized population!!EMPLOYMENT STATUS!!Civilian noninstitutionalized population 19 to 64 years!!Not in labor force"
"S2701_C04_047E","Estimate!!Uninsured!!Civilian noninstitutionalized population!!WORK EXPERIENCE!!Civilian noninstitutionalized population 19 to 64 years"
"S2701_C04_047M","Margin of Error!!Uninsured MOE!!Civilian noninstitutionalized population!!WORK EXPERIENCE!!Civilian noninstitutionalized population 19 to 64 years"
"S2701_C04_048E","Estimate!!Uninsured!!Civilian noninstitutionalized population!!WORK EXPERIENCE!!Civilian noninstitutionalized population 19 to 64 years!!Worked full-time, year round in the past 12 months"
"S2701_C04_048M","Margin of Error!!Uninsured MOE!!Civilian noninstitutionalized population!!WORK EXPERIENCE!!Civilian noninstitutionalized population 19 to 64 years!!Worked full-time, year round in the past 12 months"
"S2701_C04_049E","Estimate!!Uninsured!!Civilian noninstitutionalized population!!WORK EXPERIENCE!!Civilian noninstitutionalized population 19 to 64 years!!Worked less than full-time, year round in the past 12 months"
"S2701_C04_049M","Margin of Error!!Uninsured MOE!!Civilian noninstitutionalized population!!WORK EXPERIENCE!!Civilian noninstitutionalized population 19 to 64 years!!Worked less than full-time, year round in the past 12 months"
"S2701_C04_050E","Estimate!!Uninsured!!Civilian noninstitutionalized population!!WORK EXPERIENCE!!Civilian noninstitutionalized population 19 to 64 years!!Did not work"
"S2701_C04_050M","Margin of Error!!Uninsured MOE!!Civilian noninstitutionalized population!!WORK EXPERIENCE!!Civilian noninstitutionalized population 19 to 64 years!!Did not work"
"S2701_C04_051E","Estimate!!Uninsured!!Civilian noninstitutionalized population!!HOUSEHOLD INCOME (IN 2018 INFLATION-ADJUSTED DOLLARS)!!Total household population"
"S2701_C04_051M","Margin of Error!!Uninsured MOE!!Civilian noninstitutionalized population!!HOUSEHOLD INCOME (IN 2018 INFLATION-ADJUSTED DOLLARS)!!Total household population"
"S2701_C04_052E","Estimate!!Uninsured!!Civilian noninstitutionalized population!!HOUSEHOLD INCOME (IN 2018 INFLATION-ADJUSTED DOLLARS)!!Total household population!!Under $25,000"
"S2701_C04_052M","Margin of Error!!Uninsured MOE!!Civilian noninstitutionalized population!!HOUSEHOLD INCOME (IN 2018 INFLATION-ADJUSTED DOLLARS)!!Total household population!!Under $25,000"
"S2701_C04_053E","Estimate!!Uninsured!!Civilian noninstitutionalized population!!HOUSEHOLD INCOME (IN 2018 INFLATION-ADJUSTED DOLLARS)!!Total household population!!$25,000 to $49,999"
"S2701_C04_053M","Margin of Error!!Uninsured MOE!!Civilian noninstitutionalized population!!HOUSEHOLD INCOME (IN 2018 INFLATION-ADJUSTED DOLLARS)!!Total household population!!$25,000 to $49,999"
"S2701_C04_054E","Estimate!!Uninsured!!Civilian noninstitutionalized population!!HOUSEHOLD INCOME (IN 2018 INFLATION-ADJUSTED DOLLARS)!!Total household population!!$50,000 to $74,999"
"S2701_C04_054M","Margin of Error!!Uninsured MOE!!Civilian noninstitutionalized population!!HOUSEHOLD INCOME (IN 2018 INFLATION-ADJUSTED DOLLARS)!!Total household population!!$50,000 to $74,999"
"S2701_C04_055E","Estimate!!Uninsured!!Civilian noninstitutionalized population!!HOUSEHOLD INCOME (IN 2018 INFLATION-ADJUSTED DOLLARS)!!Total household population!!$75,000 to $99,999"
"S2701_C04_055M","Margin of Error!!Uninsured MOE!!Civilian noninstitutionalized population!!HOUSEHOLD INCOME (IN 2018 INFLATION-ADJUSTED DOLLARS)!!Total household population!!$75,000 to $99,999"
"S2701_C04_056E","Estimate!!Uninsured!!Civilian noninstitutionalized population!!HOUSEHOLD INCOME (IN 2018 INFLATION-ADJUSTED DOLLARS)!!Total household population!!$100,000 and over"
"S2701_C04_056M","Margin of Error!!Uninsured MOE!!Civilian noninstitutionalized population!!HOUSEHOLD INCOME (IN 2018 INFLATION-ADJUSTED DOLLARS)!!Total household population!!$100,000 and over"
"S2701_C04_057E","Estimate!!Uninsured!!Civilian noninstitutionalized population!!RATIO OF INCOME TO POVERTY LEVEL IN THE PAST 12 MONTHS!!Civilian noninstitutionalized population for whom poverty status is determined"
"S2701_C04_057M","Margin of Error!!Uninsured MOE!!Civilian noninstitutionalized population!!RATIO OF INCOME TO POVERTY LEVEL IN THE PAST 12 MONTHS!!Civilian noninstitutionalized population for whom poverty status is determined"
"S2701_C04_058E","Estimate!!Uninsured!!Civilian noninstitutionalized population!!RATIO OF INCOME TO POVERTY LEVEL IN THE PAST 12 MONTHS!!Civilian noninstitutionalized population for whom poverty status is determined!!Below 138 percent of the poverty threshold"
"S2701_C04_058M","Margin of Error!!Uninsured MOE!!Civilian noninstitutionalized population!!RATIO OF INCOME TO POVERTY LEVEL IN THE PAST 12 MONTHS!!Civilian noninstitutionalized population for whom poverty status is determined!!Below 138 percent of the poverty threshold"
"S2701_C04_059E","Estimate!!Uninsured!!Civilian noninstitutionalized population!!RATIO OF INCOME TO POVERTY LEVEL IN THE PAST 12 MONTHS!!Civilian noninstitutionalized population for whom poverty status is determined!!138 to 399 percent of the poverty threshold"
"S2701_C04_059M","Margin of Error!!Uninsured MOE!!Civilian noninstitutionalized population!!RATIO OF INCOME TO POVERTY LEVEL IN THE PAST 12 MONTHS!!Civilian noninstitutionalized population for whom poverty status is determined!!138 to 399 percent of the poverty threshold"
"S2701_C04_060E","Estimate!!Uninsured!!Civilian noninstitutionalized population!!RATIO OF INCOME TO POVERTY LEVEL IN THE PAST 12 MONTHS!!Civilian noninstitutionalized population for whom poverty status is determined!!At or above 400 percent of the poverty threshold"
"S2701_C04_060M","Margin of Error!!Uninsured MOE!!Civilian noninstitutionalized population!!RATIO OF INCOME TO POVERTY LEVEL IN THE PAST 12 MONTHS!!Civilian noninstitutionalized population for whom poverty status is determined!!At or above 400 percent of the poverty threshold"
"S2701_C04_061E","Estimate!!Uninsured!!Civilian noninstitutionalized population!!RATIO OF INCOME TO POVERTY LEVEL IN THE PAST 12 MONTHS!!Civilian noninstitutionalized population for whom poverty status is determined!!Below 100 percent of the poverty threshold"
"S2701_C04_061M","Margin of Error!!Uninsured MOE!!Civilian noninstitutionalized population!!RATIO OF INCOME TO POVERTY LEVEL IN THE PAST 12 MONTHS!!Civilian noninstitutionalized population for whom poverty status is determined!!Below 100 percent of the poverty threshold"
"S2701_C05_001E","Estimate!!Percent Uninsured!!Civilian noninstitutionalized population"
"S2701_C05_001M","Margin of Error!!Percent Uninsured MOE!!Civilian noninstitutionalized population"
"S2701_C05_002E","Estimate!!Percent Uninsured!!Civilian noninstitutionalized population!!AGE!!Under 6 years"
"S2701_C05_002M","Margin of Error!!Percent Uninsured MOE!!Civilian noninstitutionalized population!!AGE!!Under 6 years"
"S2701_C05_003E","Estimate!!Percent Uninsured!!Civilian noninstitutionalized population!!AGE!!6 to 18 years"
"S2701_C05_003M","Margin of Error!!Percent Uninsured MOE!!Civilian noninstitutionalized population!!AGE!!6 to 18 years"
"S2701_C05_004E","Estimate!!Percent Uninsured!!Civilian noninstitutionalized population!!AGE!!19 to 25 years"
"S2701_C05_004M","Margin of Error!!Percent Uninsured MOE!!Civilian noninstitutionalized population!!AGE!!19 to 25 years"
"S2701_C05_005E","Estimate!!Percent Uninsured!!Civilian noninstitutionalized population!!AGE!!26 to 34 years"
"S2701_C05_005M","Margin of Error!!Percent Uninsured MOE!!Civilian noninstitutionalized population!!AGE!!26 to 34 years"
"S2701_C05_006E","Estimate!!Percent Uninsured!!Civilian noninstitutionalized population!!AGE!!35 to 44 years"
"S2701_C05_006M","Margin of Error!!Percent Uninsured MOE!!Civilian noninstitutionalized population!!AGE!!35 to 44 years"
"S2701_C05_007E","Estimate!!Percent Uninsured!!Civilian noninstitutionalized population!!AGE!!45 to 54 years"
"S2701_C05_007M","Margin of Error!!Percent Uninsured MOE!!Civilian noninstitutionalized population!!AGE!!45 to 54 years"
"S2701_C05_008E","Estimate!!Percent Uninsured!!Civilian noninstitutionalized population!!AGE!!55 to 64 years"
"S2701_C05_008M","Margin of Error!!Percent Uninsured MOE!!Civilian noninstitutionalized population!!AGE!!55 to 64 years"
"S2701_C05_009E","Estimate!!Percent Uninsured!!Civilian noninstitutionalized population!!AGE!!65 to 74 years"
"S2701_C05_009M","Margin of Error!!Percent Uninsured MOE!!Civilian noninstitutionalized population!!AGE!!65 to 74 years"
"S2701_C05_010E","Estimate!!Percent Uninsured!!Civilian noninstitutionalized population!!AGE!!75 years and older"
"S2701_C05_010M","Margin of Error!!Percent Uninsured MOE!!Civilian noninstitutionalized population!!AGE!!75 years and older"
"S2701_C05_011E","Estimate!!Percent Uninsured!!Civilian noninstitutionalized population!!AGE!!Under 19 years"
"S2701_C05_011M","Margin of Error!!Percent Uninsured MOE!!Civilian noninstitutionalized population!!AGE!!Under 19 years"
"S2701_C05_012E","Estimate!!Percent Uninsured!!Civilian noninstitutionalized population!!AGE!!19 to 64 years"
"S2701_C05_012M","Margin of Error!!Percent Uninsured MOE!!Civilian noninstitutionalized population!!AGE!!19 to 64 years"
"S2701_C05_013E","Estimate!!Percent Uninsured!!Civilian noninstitutionalized population!!AGE!!65 years and older"
"S2701_C05_013M","Margin of Error!!Percent Uninsured MOE!!Civilian noninstitutionalized population!!AGE!!65 years and older"
"S2701_C05_014E","Estimate!!Percent Uninsured!!Civilian noninstitutionalized population!!SEX!!Male"
"S2701_C05_014M","Margin of Error!!Percent Uninsured MOE!!Civilian noninstitutionalized population!!SEX!!Male"
"S2701_C05_015E","Estimate!!Percent Uninsured!!Civilian noninstitutionalized population!!SEX!!Female"
"S2701_C05_015M","Margin of Error!!Percent Uninsured MOE!!Civilian noninstitutionalized population!!SEX!!Female"
"S2701_C05_016E","Estimate!!Percent Uninsured!!Civilian noninstitutionalized population!!RACE AND HISPANIC OR LATINO ORIGIN!!White alone"
"S2701_C05_016M","Margin of Error!!Percent Uninsured MOE!!Civilian noninstitutionalized population!!RACE AND HISPANIC OR LATINO ORIGIN!!White alone"
"S2701_C05_017E","Estimate!!Percent Uninsured!!Civilian noninstitutionalized population!!RACE AND HISPANIC OR LATINO ORIGIN!!Black or African American alone"
"S2701_C05_017M","Margin of Error!!Percent Uninsured MOE!!Civilian noninstitutionalized population!!RACE AND HISPANIC OR LATINO ORIGIN!!Black or African American alone"
"S2701_C05_018E","Estimate!!Percent Uninsured!!Civilian noninstitutionalized population!!RACE AND HISPANIC OR LATINO ORIGIN!!American Indian and Alaska Native alone"
"S2701_C05_018M","Margin of Error!!Percent Uninsured MOE!!Civilian noninstitutionalized population!!RACE AND HISPANIC OR LATINO ORIGIN!!American Indian and Alaska Native alone"
"S2701_C05_019E","Estimate!!Percent Uninsured!!Civilian noninstitutionalized population!!RACE AND HISPANIC OR LATINO ORIGIN!!Asian alone"
"S2701_C05_019M","Margin of Error!!Percent Uninsured MOE!!Civilian noninstitutionalized population!!RACE AND HISPANIC OR LATINO ORIGIN!!Asian alone"
"S2701_C05_020E","Estimate!!Percent Uninsured!!Civilian noninstitutionalized population!!RACE AND HISPANIC OR LATINO ORIGIN!!Native Hawaiian and Other Pacific Islander alone"
"S2701_C05_020M","Margin of Error!!Percent Uninsured MOE!!Civilian noninstitutionalized population!!RACE AND HISPANIC OR LATINO ORIGIN!!Native Hawaiian and Other Pacific Islander alone"
"S2701_C05_021E","Estimate!!Percent Uninsured!!Civilian noninstitutionalized population!!RACE AND HISPANIC OR LATINO ORIGIN!!Some other race alone"
"S2701_C05_021M","Margin of Error!!Percent Uninsured MOE!!Civilian noninstitutionalized population!!RACE AND HISPANIC OR LATINO ORIGIN!!Some other race alone"
"S2701_C05_022E","Estimate!!Percent Uninsured!!Civilian noninstitutionalized population!!RACE AND HISPANIC OR LATINO ORIGIN!!Two or more races"
"S2701_C05_022M","Margin of Error!!Percent Uninsured MOE!!Civilian noninstitutionalized population!!RACE AND HISPANIC OR LATINO ORIGIN!!Two or more races"
"S2701_C05_023E","Estimate!!Percent Uninsured!!Civilian noninstitutionalized population!!RACE AND HISPANIC OR LATINO ORIGIN!!Hispanic or Latino (of any race)"
"S2701_C05_023M","Margin of Error!!Percent Uninsured MOE!!Civilian noninstitutionalized population!!RACE AND HISPANIC OR LATINO ORIGIN!!Hispanic or Latino (of any race)"
"S2701_C05_024E","Estimate!!Percent Uninsured!!Civilian noninstitutionalized population!!RACE AND HISPANIC OR LATINO ORIGIN!!White alone, not Hispanic or Latino"
"S2701_C05_024M","Margin of Error!!Percent Uninsured MOE!!Civilian noninstitutionalized population!!RACE AND HISPANIC OR LATINO ORIGIN!!White alone, not Hispanic or Latino"
"S2701_C05_025E","Estimate!!Percent Uninsured!!Civilian noninstitutionalized population!!LIVING ARRANGEMENTS!!In family households"
"S2701_C05_025M","Margin of Error!!Percent Uninsured MOE!!Civilian noninstitutionalized population!!LIVING ARRANGEMENTS!!In family households"
"S2701_C05_026E","Estimate!!Percent Uninsured!!Civilian noninstitutionalized population!!LIVING ARRANGEMENTS!!In family households!!In married couple families"
"S2701_C05_026M","Margin of Error!!Percent Uninsured MOE!!Civilian noninstitutionalized population!!LIVING ARRANGEMENTS!!In family households!!In married couple families"
"S2701_C05_027E","Estimate!!Percent Uninsured!!Civilian noninstitutionalized population!!LIVING ARRANGEMENTS!!In family households!!In other families"
"S2701_C05_027M","Margin of Error!!Percent Uninsured MOE!!Civilian noninstitutionalized population!!LIVING ARRANGEMENTS!!In family households!!In other families"
"S2701_C05_028E","Estimate!!Percent Uninsured!!Civilian noninstitutionalized population!!LIVING ARRANGEMENTS!!In family households!!In other families!!Male householder, no wife present"
"S2701_C05_028M","Margin of Error!!Percent Uninsured MOE!!Civilian noninstitutionalized population!!LIVING ARRANGEMENTS!!In family households!!In other families!!Male householder, no wife present"
"S2701_C05_029E","Estimate!!Percent Uninsured!!Civilian noninstitutionalized population!!LIVING ARRANGEMENTS!!In family households!!In other families!!Female householder, no husband present"
"S2701_C05_029M","Margin of Error!!Percent Uninsured MOE!!Civilian noninstitutionalized population!!LIVING ARRANGEMENTS!!In family households!!In other families!!Female householder, no husband present"
"S2701_C05_030E","Estimate!!Percent Uninsured!!Civilian noninstitutionalized population!!LIVING ARRANGEMENTS!!In non-family households and other living arrangements"
"S2701_C05_030M","Margin of Error!!Percent Uninsured MOE!!Civilian noninstitutionalized population!!LIVING ARRANGEMENTS!!In non-family households and other living arrangements"
"S2701_C05_031E","Estimate!!Percent Uninsured!!Civilian noninstitutionalized population!!NATIVITY AND U.S. CITIZENSHIP STATUS!!Native born"
"S2701_C05_031M","Margin of Error!!Percent Uninsured MOE!!Civilian noninstitutionalized population!!NATIVITY AND U.S. CITIZENSHIP STATUS!!Native born"
"S2701_C05_032E","Estimate!!Percent Uninsured!!Civilian noninstitutionalized population!!NATIVITY AND U.S. CITIZENSHIP STATUS!!Foreign born"
"S2701_C05_032M","Margin of Error!!Percent Uninsured MOE!!Civilian noninstitutionalized population!!NATIVITY AND U.S. CITIZENSHIP STATUS!!Foreign born"
"S2701_C05_033E","Estimate!!Percent Uninsured!!Civilian noninstitutionalized population!!NATIVITY AND U.S. CITIZENSHIP STATUS!!Foreign born!!Naturalized"
"S2701_C05_033M","Margin of Error!!Percent Uninsured MOE!!Civilian noninstitutionalized population!!NATIVITY AND U.S. CITIZENSHIP STATUS!!Foreign born!!Naturalized"
"S2701_C05_034E","Estimate!!Percent Uninsured!!Civilian noninstitutionalized population!!NATIVITY AND U.S. CITIZENSHIP STATUS!!Foreign born!!Not a citizen"
"S2701_C05_034M","Margin of Error!!Percent Uninsured MOE!!Civilian noninstitutionalized population!!NATIVITY AND U.S. CITIZENSHIP STATUS!!Foreign born!!Not a citizen"
"S2701_C05_035E","Estimate!!Percent Uninsured!!Civilian noninstitutionalized population!!DISABILITY STATUS!!With a disability"
"S2701_C05_035M","Margin of Error!!Percent Uninsured MOE!!Civilian noninstitutionalized population!!DISABILITY STATUS!!With a disability"
"S2701_C05_036E","Estimate!!Percent Uninsured!!Civilian noninstitutionalized population!!DISABILITY STATUS!!No disability"
"S2701_C05_036M","Margin of Error!!Percent Uninsured MOE!!Civilian noninstitutionalized population!!DISABILITY STATUS!!No disability"
"S2701_C05_037E","Estimate!!Percent Uninsured!!Civilian noninstitutionalized population!!EDUCATIONAL ATTAINMENT!!Civilian noninstitutionalized population 26 years and over"
"S2701_C05_037M","Margin of Error!!Percent Uninsured MOE!!Civilian noninstitutionalized population!!EDUCATIONAL ATTAINMENT!!Civilian noninstitutionalized population 26 years and over"
"S2701_C05_038E","Estimate!!Percent Uninsured!!Civilian noninstitutionalized population!!EDUCATIONAL ATTAINMENT!!Civilian noninstitutionalized population 26 years and over!!Less than high school graduate"
"S2701_C05_038M","Margin of Error!!Percent Uninsured MOE!!Civilian noninstitutionalized population!!EDUCATIONAL ATTAINMENT!!Civilian noninstitutionalized population 26 years and over!!Less than high school graduate"
"S2701_C05_039E","Estimate!!Percent Uninsured!!Civilian noninstitutionalized population!!EDUCATIONAL ATTAINMENT!!Civilian noninstitutionalized population 26 years and over!!High school graduate (includes equivalency)"
"S2701_C05_039M","Margin of Error!!Percent Uninsured MOE!!Civilian noninstitutionalized population!!EDUCATIONAL ATTAINMENT!!Civilian noninstitutionalized population 26 years and over!!High school graduate (includes equivalency)"
"S2701_C05_040E","Estimate!!Percent Uninsured!!Civilian noninstitutionalized population!!EDUCATIONAL ATTAINMENT!!Civilian noninstitutionalized population 26 years and over!!Some college or associate's degree"
"S2701_C05_040M","Margin of Error!!Percent Uninsured MOE!!Civilian noninstitutionalized population!!EDUCATIONAL ATTAINMENT!!Civilian noninstitutionalized population 26 years and over!!Some college or associate's degree"
"S2701_C05_041E","Estimate!!Percent Uninsured!!Civilian noninstitutionalized population!!EDUCATIONAL ATTAINMENT!!Civilian noninstitutionalized population 26 years and over!!Bachelor's degree or higher"
"S2701_C05_041M","Margin of Error!!Percent Uninsured MOE!!Civilian noninstitutionalized population!!EDUCATIONAL ATTAINMENT!!Civilian noninstitutionalized population 26 years and over!!Bachelor's degree or higher"
"S2701_C05_042E","Estimate!!Percent Uninsured!!Civilian noninstitutionalized population!!EMPLOYMENT STATUS!!Civilian noninstitutionalized population 19 to 64 years"
"S2701_C05_042M","Margin of Error!!Percent Uninsured MOE!!Civilian noninstitutionalized population!!EMPLOYMENT STATUS!!Civilian noninstitutionalized population 19 to 64 years"
"S2701_C05_043E","Estimate!!Percent Uninsured!!Civilian noninstitutionalized population!!EMPLOYMENT STATUS!!Civilian noninstitutionalized population 19 to 64 years!!In labor force"
"S2701_C05_043M","Margin of Error!!Percent Uninsured MOE!!Civilian noninstitutionalized population!!EMPLOYMENT STATUS!!Civilian noninstitutionalized population 19 to 64 years!!In labor force"
"S2701_C05_044E","Estimate!!Percent Uninsured!!Civilian noninstitutionalized population!!EMPLOYMENT STATUS!!Civilian noninstitutionalized population 19 to 64 years!!In labor force!!Employed"
"S2701_C05_044M","Margin of Error!!Percent Uninsured MOE!!Civilian noninstitutionalized population!!EMPLOYMENT STATUS!!Civilian noninstitutionalized population 19 to 64 years!!In labor force!!Employed"
"S2701_C05_045E","Estimate!!Percent Uninsured!!Civilian noninstitutionalized population!!EMPLOYMENT STATUS!!Civilian noninstitutionalized population 19 to 64 years!!In labor force!!Unemployed"
"S2701_C05_045M","Margin of Error!!Percent Uninsured MOE!!Civilian noninstitutionalized population!!EMPLOYMENT STATUS!!Civilian noninstitutionalized population 19 to 64 years!!In labor force!!Unemployed"
"S2701_C05_046E","Estimate!!Percent Uninsured!!Civilian noninstitutionalized population!!EMPLOYMENT STATUS!!Civilian noninstitutionalized population 19 to 64 years!!Not in labor force"
"S2701_C05_046M","Margin of Error!!Percent Uninsured MOE!!Civilian noninstitutionalized population!!EMPLOYMENT STATUS!!Civilian noninstitutionalized population 19 to 64 years!!Not in labor force"
"S2701_C05_047E","Estimate!!Percent Uninsured!!Civilian noninstitutionalized population!!WORK EXPERIENCE!!Civilian noninstitutionalized population 19 to 64 years"
"S2701_C05_047M","Margin of Error!!Percent Uninsured MOE!!Civilian noninstitutionalized population!!WORK EXPERIENCE!!Civilian noninstitutionalized population 19 to 64 years"
"S2701_C05_048E","Estimate!!Percent Uninsured!!Civilian noninstitutionalized population!!WORK EXPERIENCE!!Civilian noninstitutionalized population 19 to 64 years!!Worked full-time, year round in the past 12 months"
"S2701_C05_048M","Margin of Error!!Percent Uninsured MOE!!Civilian noninstitutionalized population!!WORK EXPERIENCE!!Civilian noninstitutionalized population 19 to 64 years!!Worked full-time, year round in the past 12 months"
"S2701_C05_049E","Estimate!!Percent Uninsured!!Civilian noninstitutionalized population!!WORK EXPERIENCE!!Civilian noninstitutionalized population 19 to 64 years!!Worked less than full-time, year round in the past 12 months"
"S2701_C05_049M","Margin of Error!!Percent Uninsured MOE!!Civilian noninstitutionalized population!!WORK EXPERIENCE!!Civilian noninstitutionalized population 19 to 64 years!!Worked less than full-time, year round in the past 12 months"
"S2701_C05_050E","Estimate!!Percent Uninsured!!Civilian noninstitutionalized population!!WORK EXPERIENCE!!Civilian noninstitutionalized population 19 to 64 years!!Did not work"
"S2701_C05_050M","Margin of Error!!Percent Uninsured MOE!!Civilian noninstitutionalized population!!WORK EXPERIENCE!!Civilian noninstitutionalized population 19 to 64 years!!Did not work"
"S2701_C05_051E","Estimate!!Percent Uninsured!!Civilian noninstitutionalized population!!HOUSEHOLD INCOME (IN 2018 INFLATION-ADJUSTED DOLLARS)!!Total household population"
"S2701_C05_051M","Margin of Error!!Percent Uninsured MOE!!Civilian noninstitutionalized population!!HOUSEHOLD INCOME (IN 2018 INFLATION-ADJUSTED DOLLARS)!!Total household population"
"S2701_C05_052E","Estimate!!Percent Uninsured!!Civilian noninstitutionalized population!!HOUSEHOLD INCOME (IN 2018 INFLATION-ADJUSTED DOLLARS)!!Total household population!!Under $25,000"
"S2701_C05_052M","Margin of Error!!Percent Uninsured MOE!!Civilian noninstitutionalized population!!HOUSEHOLD INCOME (IN 2018 INFLATION-ADJUSTED DOLLARS)!!Total household population!!Under $25,000"
"S2701_C05_053E","Estimate!!Percent Uninsured!!Civilian noninstitutionalized population!!HOUSEHOLD INCOME (IN 2018 INFLATION-ADJUSTED DOLLARS)!!Total household population!!$25,000 to $49,999"
"S2701_C05_053M","Margin of Error!!Percent Uninsured MOE!!Civilian noninstitutionalized population!!HOUSEHOLD INCOME (IN 2018 INFLATION-ADJUSTED DOLLARS)!!Total household population!!$25,000 to $49,999"
"S2701_C05_054E","Estimate!!Percent Uninsured!!Civilian noninstitutionalized population!!HOUSEHOLD INCOME (IN 2018 INFLATION-ADJUSTED DOLLARS)!!Total household population!!$50,000 to $74,999"
"S2701_C05_054M","Margin of Error!!Percent Uninsured MOE!!Civilian noninstitutionalized population!!HOUSEHOLD INCOME (IN 2018 INFLATION-ADJUSTED DOLLARS)!!Total household population!!$50,000 to $74,999"
"S2701_C05_055E","Estimate!!Percent Uninsured!!Civilian noninstitutionalized population!!HOUSEHOLD INCOME (IN 2018 INFLATION-ADJUSTED DOLLARS)!!Total household population!!$75,000 to $99,999"
"S2701_C05_055M","Margin of Error!!Percent Uninsured MOE!!Civilian noninstitutionalized population!!HOUSEHOLD INCOME (IN 2018 INFLATION-ADJUSTED DOLLARS)!!Total household population!!$75,000 to $99,999"
"S2701_C05_056E","Estimate!!Percent Uninsured!!Civilian noninstitutionalized population!!HOUSEHOLD INCOME (IN 2018 INFLATION-ADJUSTED DOLLARS)!!Total household population!!$100,000 and over"
"S2701_C05_056M","Margin of Error!!Percent Uninsured MOE!!Civilian noninstitutionalized population!!HOUSEHOLD INCOME (IN 2018 INFLATION-ADJUSTED DOLLARS)!!Total household population!!$100,000 and over"
"S2701_C05_057E","Estimate!!Percent Uninsured!!Civilian noninstitutionalized population!!RATIO OF INCOME TO POVERTY LEVEL IN THE PAST 12 MONTHS!!Civilian noninstitutionalized population for whom poverty status is determined"
"S2701_C05_057M","Margin of Error!!Percent Uninsured MOE!!Civilian noninstitutionalized population!!RATIO OF INCOME TO POVERTY LEVEL IN THE PAST 12 MONTHS!!Civilian noninstitutionalized population for whom poverty status is determined"
"S2701_C05_058E","Estimate!!Percent Uninsured!!Civilian noninstitutionalized population!!RATIO OF INCOME TO POVERTY LEVEL IN THE PAST 12 MONTHS!!Civilian noninstitutionalized population for whom poverty status is determined!!Below 138 percent of the poverty threshold"
"S2701_C05_058M","Margin of Error!!Percent Uninsured MOE!!Civilian noninstitutionalized population!!RATIO OF INCOME TO POVERTY LEVEL IN THE PAST 12 MONTHS!!Civilian noninstitutionalized population for whom poverty status is determined!!Below 138 percent of the poverty threshold"
"S2701_C05_059E","Estimate!!Percent Uninsured!!Civilian noninstitutionalized population!!RATIO OF INCOME TO POVERTY LEVEL IN THE PAST 12 MONTHS!!Civilian noninstitutionalized population for whom poverty status is determined!!138 to 399 percent of the poverty threshold"
"S2701_C05_059M","Margin of Error!!Percent Uninsured MOE!!Civilian noninstitutionalized population!!RATIO OF INCOME TO POVERTY LEVEL IN THE PAST 12 MONTHS!!Civilian noninstitutionalized population for whom poverty status is determined!!138 to 399 percent of the poverty threshold"
"S2701_C05_060E","Estimate!!Percent Uninsured!!Civilian noninstitutionalized population!!RATIO OF INCOME TO POVERTY LEVEL IN THE PAST 12 MONTHS!!Civilian noninstitutionalized population for whom poverty status is determined!!At or above 400 percent of the poverty threshold"
"S2701_C05_060M","Margin of Error!!Percent Uninsured MOE!!Civilian noninstitutionalized population!!RATIO OF INCOME TO POVERTY LEVEL IN THE PAST 12 MONTHS!!Civilian noninstitutionalized population for whom poverty status is determined!!At or above 400 percent of the poverty threshold"
"S2701_C05_061E","Estimate!!Percent Uninsured!!Civilian noninstitutionalized population!!RATIO OF INCOME TO POVERTY LEVEL IN THE PAST 12 MONTHS!!Civilian noninstitutionalized population for whom poverty status is determined!!Below 100 percent of the poverty threshold"
"S2701_C05_061M","Margin of Error!!Percent Uninsured MOE!!Civilian noninstitutionalized population!!RATIO OF INCOME TO POVERTY LEVEL IN THE PAST 12 MONTHS!!Civilian noninstitutionalized population for whom poverty status is determined!!Below 100 percent of the poverty threshold"
